symbol,code,name
1301.T,1301,極洋
1332.T,1332,ニッスイ
1333.T,1333,マルハニチロ
1375.T,1375,ユキグニファクトリー
1376.T,1376,カネコ種苗
1377.T,1377,サカタのタネ
1379.T,1379,ホクト
1380.T,1380,秋川牧園
1381.T,1381,アクシーズ
1382.T,1382,ホーブ
1383.T,1383,ベルグアース
1384.T,1384,ホクリヨウ
1401.T,1401,エムビーエス
1407.T,1407,ウエストホールディングス
1414.T,1414,ショーボンドホールディングス
1417.T,1417,ミライト・ワン
1418.T,1418,インターライフホールディングス
1419.T,1419,タマホーム
1420.T,1420,サンヨーホームズ
1429.T,1429,日本アクア
1430.T,1430,ファーストコーポレーション
1431.T,1431,Ｌｉｂ　Ｗｏｒｋ
1432.T,1432,動力
1433.T,1433,ベステラ
1434.T,1434,ＪＥＳＣＯホールディングス
1435.T,1435,ｒｏｂｏｔ　ｈｏｍｅ
1436.T,1436,グリーンエナジー＆カンパニー
1438.T,1438,岐阜造園
1443.T,1443,技研ホールディングス
1444.T,1444,ニッソウ
1445.T,1445,ひかりホールディングス
1446.T,1446,キャンディル
1447.T,1447,ＳＡＡＦホールディングス
1450.T,1450,ＴＡＮＡＫＥＮ
1452.T,1452,横浜ライト工業
1491.T,1491,中外鉱業
1514.T,1514,住石ホールディングス
1515.T,1515,日鉄鉱業
1518.T,1518,三井松島ホールディングス
1605.T,1605,ＩＮＰＥＸ
1662.T,1662,石油資源開発
1663.T,1663,Ｋ＆Ｏエナジーグループ
1711.T,1711,ＳＤＳホールディングス
1712.T,1712,ダイセキ環境ソリューション
1716.T,1716,第一カッター興業
1717.T,1717,明豊ファシリティワークス
1718.T,1718,美樹工業
1719.T,1719,安藤・間
1720.T,1720,東急建設
1721.T,1721,コムシスホールディングス
1723.T,1723,日本電技
1724.T,1724,シンクレイヤ
1726.T,1726,ビーアールホールディングス
1736.T,1736,オーテック
1758.T,1758,太洋基礎工業
1762.T,1762,高松コンストラクショングループ
1764.T,1764,工藤建設
1766.T,1766,東建コーポレーション
1768.T,1768,ソネック
1770.T,1770,藤田エンジニアリング
1773.T,1773,ワイ・ティー・エル・コーポレーション・バーハッド
1776.T,1776,三井住建道路
1780.T,1780,ヤマウラ
1783.T,1783,ｆａｎｔａｓｉｓｔａ
1786.T,1786,オリエンタル白石
1787.T,1787,ナカボーテック
1788.T,1788,三東工業社
1793.T,1793,大本組
1795.T,1795,マサル
1798.T,1798,守谷商会
1799.T,1799,第一建設工業
1801.T,1801,大成建設
1802.T,1802,大林組
1803.T,1803,清水建設
1807.T,1807,佐藤渡辺
1808.T,1808,長谷工コーポレーション
1810.T,1810,松井建設
1811.T,1811,錢高組
1812.T,1812,鹿島建設
1813.T,1813,不動テトラ
1814.T,1814,大末建設
1815.T,1815,鉄建建設
1820.T,1820,西松建設
1821.T,1821,三井住友建設
1822.T,1822,大豊建設
1826.T,1826,佐田建設
1827.T,1827,ナカノフドー建設
1828.T,1828,田辺工業
1833.T,1833,奥村組
1835.T,1835,東鉄工業
1840.T,1840,土屋ホールディングス
1841.T,1841,サンユー建設
1844.T,1844,大盛工業
1847.T,1847,イチケン
1848.T,1848,富士ピー・エス
1850.T,1850,南海辰村建設
1852.T,1852,淺沼組
1853.T,1853,森組
1860.T,1860,戸田建設
1861.T,1861,熊谷組
1866.T,1866,北野建設
1867.T,1867,植木組
1870.T,1870,矢作建設工業
1871.T,1871,ピーエス・コンストラクション
1873.T,1873,日本ハウスホールディングス
1878.T,1878,大東建託
1879.T,1879,新日本建設
1882.T,1882,東亜道路工業
1885.T,1885,東亜建設工業
1887.T,1887,日本国土開発
1888.T,1888,若築建設
1890.T,1890,東洋建設
1893.T,1893,五洋建設
1897.T,1897,金下建設
1898.T,1898,世紀東急工業
1899.T,1899,福田組
1904.T,1904,大成温調
1905.T,1905,テノックス
1909.T,1909,日本ドライケミカル
1911.T,1911,住友林業
1914.T,1914,日本基礎技術
1921.T,1921,巴コーポレーション
1925.T,1925,大和ハウス工業
1926.T,1926,ライト工業
1928.T,1928,積水ハウス
1929.T,1929,日特建設
1930.T,1930,北陸電気工事
1934.T,1934,ユアテック
1938.T,1938,日本リーテック
1939.T,1939,四電工
1941.T,1941,中電工
1942.T,1942,関電工
1944.T,1944,きんでん
1945.T,1945,東京エネシス
1946.T,1946,トーエネック
1948.T,1948,弘電社
1949.T,1949,住友電設
1950.T,1950,日本電設工業
1951.T,1951,エクシオグループ
1952.T,1952,新日本空調
1959.T,1959,クラフティア
1960.T,1960,サンテック
1961.T,1961,三機工業
1963.T,1963,日揮ホールディングス
1964.T,1964,中外炉工業
1965.T,1965,テクノ菱和
1966.T,1966,高田工業所
1967.T,1967,ヤマト
1968.T,1968,太平電業
1969.T,1969,高砂熱学工業
1972.T,1972,三晃金属工業
1975.T,1975,朝日工業社
1976.T,1976,明星工業
1979.T,1979,大氣社
1980.T,1980,ダイダン
1981.T,1981,協和日成
1982.T,1982,日比谷総合設備
1992.T,1992,神田通信機
1994.T,1994,高橋カーテンウォール工業
1997.T,1997,暁飯島工業
2001.T,2001,ニップン
2002.T,2002,日清製粉グループ本社
2003.T,2003,日東富士製粉
2004.T,2004,昭和産業
2009.T,2009,鳥越製粉
2053.T,2053,中部飼料
2055.T,2055,日和産業
2060.T,2060,フィード・ワン
2108.T,2108,日本甜菜製糖
2109.T,2109,ＤＭ三井製糖
2112.T,2112,塩水港精糖
2114.T,2114,フジ日本
2117.T,2117,ウェルネオシュガー
2120.T,2120,ＬＩＦＵＬＬ
2121.T,2121,ＭＩＸＩ
2122.T,2122,インタースペース
2124.T,2124,ジェイエイシーリクルートメント
2127.T,2127,日本Ｍ＆Ａセンターホールディングス
2130.T,2130,メンバーズ
2134.T,2134,北浜キャピタルパートナーズ
2136.T,2136,ヒップ
2138.T,2138,クルーズ
2139.T,2139,中広
2146.T,2146,ＵＴグループ
2148.T,2148,アイティメディア
2150.T,2150,ケアネット
2152.T,2152,幼児活動研究会
2153.T,2153,Ｅ・Ｊホールディングス
2154.T,2154,オープンアップグループ
2156.T,2156,セーラー広告
2157.T,2157,コシダカホールディングス
2158.T,2158,ＦＲＯＮＴＥＯ
2160.T,2160,ジーエヌアイグループ
2162.T,2162,ｎｍｓ　ホールディングス
2163.T,2163,アルトナー
2164.T,2164,地域新聞社
2168.T,2168,パソナグループ
2169.T,2169,ＣＤＳ
2170.T,2170,リンクアンドモチベーション
2173.T,2173,博展
2175.T,2175,エス・エム・エス
2179.T,2179,成学社
2180.T,2180,サニーサイドアップグループ
2181.T,2181,パーソルホールディングス
2183.T,2183,リニカル
2185.T,2185,シイエム・シイ
2186.T,2186,ソーバル
2193.T,2193,クックパッド
2195.T,2195,アミタホールディングス
2196.T,2196,エスクリ
2198.T,2198,アイ・ケイ・ケイホールディングス
2201.T,2201,森永製菓
2204.T,2204,中村屋
2206.T,2206,江崎グリコ
2207.T,2207,ｍｅｉｔｏ
2208.T,2208,ブルボン
2209.T,2209,井村屋グループ
2211.T,2211,不二家
2212.T,2212,山崎製パン
2215.T,2215,第一屋製パン
2216.T,2216,カンロ
2217.T,2217,モロゾフ
2220.T,2220,亀田製菓
2221.T,2221,岩塚製菓
2222.T,2222,寿スピリッツ
2224.T,2224,コモ
2226.T,2226,湖池屋
2229.T,2229,カルビー
2264.T,2264,森永乳業
2266.T,2266,六甲バター
2267.T,2267,ヤクルト本社
2268.T,2268,Ｂ－Ｒ　サーティワン　アイスクリーム
2269.T,2269,明治ホールディングス
2270.T,2270,雪印メグミルク
2281.T,2281,プリマハム
2282.T,2282,日本ハム
2286.T,2286,林兼産業
2288.T,2288,丸大食品
2291.T,2291,福留ハム
2292.T,2292,Ｓ　Ｆｏｏｄｓ
2293.T,2293,滝沢ハム
2294.T,2294,柿安本店
2296.T,2296,伊藤ハム米久ホールディングス
2300.T,2300,きょくとう
2301.T,2301,学情
2303.T,2303,ドーン
2304.T,2304,ＣＳＳホールディングス
2305.T,2305,スタジオアリス
2307.T,2307,クロスキャット
2311.T,2311,エプコ
2315.T,2315,ＣＡＩＣＡ　ＤＩＧＩＴＡＬ
2317.T,2317,システナ
2321.T,2321,ソフトフロントホールディングス
2323.T,2323,ｆｏｎｆｕｎ
2325.T,2325,ＮＪＳ
2326.T,2326,デジタルアーツ
2327.T,2327,日鉄ソリューションズ
2329.T,2329,東北新社
2330.T,2330,フォーサイド
2331.T,2331,ＡＬＳＯＫ
2332.T,2332,クエスト
2334.T,2334,イオレ
2335.T,2335,キューブシステム
2337.T,2337,いちご
2338.T,2338,クオンタムソリューションズ
2340.T,2340,極楽湯ホールディングス
2341.T,2341,アルバイトタイムス
2342.T,2342,トランスジェニックグループ
2344.T,2344,平安レイサービス
2345.T,2345,クシム
2349.T,2349,エヌアイデイ
2351.T,2351,ＡＳＪ
2353.T,2353,日本駐車場開発
2354.T,2354,ＹＥ　ＤＩＧＩＴＡＬ
2359.T,2359,コア
2370.T,2370,メディネット
2371.T,2371,カカクコム
2373.T,2373,ケア２１
2374.T,2374,セントケア・ホールディング
2375.T,2375,ギグワークス
2376.T,2376,サイネックス
2378.T,2378,ルネサンス
2379.T,2379,ディップ
2384.T,2384,ＳＢＳホールディングス
2385.T,2385,総医研ホールディングス
2388.T,2388,ウェッジホールディングス
2389.T,2389,デジタルホールディングス
2391.T,2391,プラネット
2393.T,2393,日本ケアサプライ
2395.T,2395,新日本科学
2404.T,2404,鉄人化ホールディングス
2408.T,2408,ＫＧ情報
2410.T,2410,キャリアデザインセンター
2411.T,2411,ゲンダイエージェンシー
2413.T,2413,エムスリー
2415.T,2415,ヒューマンホールディングス
2418.T,2418,ツカダ・グローバルホールディング
2424.T,2424,ブラス
2425.T,2425,ケアサービス
2428.T,2428,ウェルネット
2429.T,2429,ワールドホールディングス
2432.T,2432,ディー・エヌ・エー
2433.T,2433,博報堂ＤＹホールディングス
2435.T,2435,シダー
2436.T,2436,共同ピーアール
2437.T,2437,Ｓｈｉｎｗａ　Ｗｉｓｅ　Ｈｏｌｄｉｎｇｓ
2438.T,2438,アスカネット
2440.T,2440,ぐるなび
2445.T,2445,タカミヤ
2449.T,2449,プラップジャパン
2452.T,2452,コンピュータマインド
2454.T,2454,オールアバウト
2459.T,2459,アウンコンサルティング
2461.T,2461,ファンコミュニケーションズ
2462.T,2462,ライク
2464.T,2464,Ａｏｂａ‐ＢＢＴ
2469.T,2469,ヒビノ
2471.T,2471,エスプール
2475.T,2475,ＷＤＢホールディングス
2477.T,2477,手間いらず
2479.T,2479,ジェイテック
2480.T,2480,システム・ロケーション
2481.T,2481,タウンニュース社
2483.T,2483,翻訳センター
2484.T,2484,出前館
2485.T,2485,ティア
2488.T,2488,ＪＴＰ
2489.T,2489,アドウェイズ
2491.T,2491,バリューコマース
2492.T,2492,インフォマート
2493.T,2493,イーサポートリンク
2497.T,2497,ユナイテッド
2498.T,2498,オリエンタルコンサルタンツホールディングス
2499.T,2499,日本和装ホールディングス
2501.T,2501,サッポロホールディングス
2502.T,2502,アサヒグループホールディングス
2503.T,2503,キリンホールディングス
2531.T,2531,宝ホールディングス
2533.T,2533,オエノンホールディングス
2540.T,2540,養命酒製造
2573.T,2573,北海道コカ・コーラボトリング
2579.T,2579,コカ・コーラ　ボトラーズジャパンホールディングス
2585.T,2585,ライフドリンク　カンパニー
2586.T,2586,フルッタフルッタ
2587.T,2587,サントリー食品インターナショナル
2588.T,2588,プレミアムウォーターホールディングス
2590.T,2590,ダイドーグループホールディングス
2593.T,2593,伊藤園
2594.T,2594,キーコーヒー
2597.T,2597,ユニカフェ
2602.T,2602,日清オイリオグループ
2607.T,2607,不二製油
2612.T,2612,かどや製油
2613.T,2613,Ｊ－オイルミルズ
2652.T,2652,まんだらけ
2653.T,2653,イオン九州
2654.T,2654,アスモ
2656.T,2656,ベクターホールディングス
2659.T,2659,サンエー
2664.T,2664,カワチ薬品
2666.T,2666,オートウェーブ
2667.T,2667,イメージ　ワン
2668.T,2668,タビオ
2669.T,2669,カネ美食品
2670.T,2670,エービーシー・マート
2673.T,2673,夢みつけ隊
2674.T,2674,ハードオフコーポレーション
2676.T,2676,高千穂交易
2678.T,2678,アスクル
2681.T,2681,ゲオホールディングス
2683.T,2683,魚喜
2685.T,2685,アンドエスティＨＤ
2686.T,2686,ジーフット
2687.T,2687,シー・ヴイ・エス・ベイエリア
2689.T,2689,オルバヘルスケアホールディングス
2692.T,2692,伊藤忠食品
2693.T,2693,ＹＫＴ
2694.T,2694,焼肉坂井ホールディングス
2695.T,2695,くら寿司
2698.T,2698,キャンドゥ
2700.T,2700,木徳神糧
2702.T,2702,日本マクドナルドホールディングス
2705.T,2705,大戸屋ホールディングス
2708.T,2708,久世
2721.T,2721,ジェイホールディングス
2722.T,2722,ＩＫホールディングス
2726.T,2726,パルグループホールディングス
2730.T,2730,エディオン
2733.T,2733,あらた
2734.T,2734,サーラコーポレーション
2735.T,2735,ワッツ
2736.T,2736,フェスタリアホールディングス
2737.T,2737,トーメンデバイス
2742.T,2742,ハローズ
2743.T,2743,ピクセルカンパニーズ
2747.T,2747,北雄ラッキー
2749.T,2749,ＪＰホールディングス
2750.T,2750,石光商事
2751.T,2751,テンポスホールディングス
2752.T,2752,フジオフードグループ本社
2753.T,2753,あみやき亭
2760.T,2760,東京エレクトロン　デバイス
2762.T,2762,ＳＡＮＫＯ　ＭＡＲＫＥＴＩＮＧ　ＦＯＯＤＳ
2763.T,2763,エフティグループ
2764.T,2764,ひらまつ
2767.T,2767,円谷フィールズホールディングス
2768.T,2768,双日
2769.T,2769,ヴィレッジヴァンガードコーポレーション
2776.T,2776,新都ホールディングス
2778.T,2778,パレモ・ホールディングス
2780.T,2780,コメ兵ホールディングス
2782.T,2782,セリア
2784.T,2784,アルフレッサ　ホールディングス
2788.T,2788,アップルインターナショナル
2789.T,2789,カルラ
2790.T,2790,ナフコ
2791.T,2791,大黒天物産
2792.T,2792,ハニーズホールディングス
2795.T,2795,日本プリメックス
2796.T,2796,ファーマライズホールディングス
2798.T,2798,ワイズテーブルコーポレーション
2801.T,2801,キッコーマン
2802.T,2802,味の素
2804.T,2804,ブルドックソース
2805.T,2805,ヱスビー食品
2806.T,2806,ユタカフーズ
2809.T,2809,キユーピー
2810.T,2810,ハウス食品グループ本社
2811.T,2811,カゴメ
2813.T,2813,和弘食品
2814.T,2814,佐藤食品工業
2815.T,2815,アリアケジャパン
2816.T,2816,ダイショー
2818.T,2818,ピエトロ
2819.T,2819,エバラ食品工業
2820.T,2820,やまみ
2831.T,2831,はごろもフーズ
2871.T,2871,ニチレイ
2872.T,2872,セイヒョー
2874.T,2874,横浜冷凍
2875.T,2875,東洋水産
2876.T,2876,デルソーレ
2877.T,2877,日東ベスト
2882.T,2882,イートアンドホールディングス
2883.T,2883,大冷
2884.T,2884,ヨシムラ・フード・ホールディングス
2892.T,2892,日本食品化工
2894.T,2894,石井食品
2897.T,2897,日清食品ホールディングス
2901.T,2901,ウェルディッシュ
2903.T,2903,シノブフーズ
2904.T,2904,一正蒲鉾
2907.T,2907,あじかん
2908.T,2908,フジッコ
2910.T,2910,ロック・フィールド
2911.T,2911,旭松食品
2914.T,2914,日本たばこ産業
2915.T,2915,ケンコーマヨネーズ
2916.T,2916,仙波糖化工業
2917.T,2917,大森屋
2918.T,2918,わらべや日洋ホールディングス
2922.T,2922,なとり
2923.T,2923,サトウ食品
2924.T,2924,イフジ産業
2926.T,2926,篠崎屋
2927.T,2927,ＡＦＣ－ＨＤアムスライフサイエンス
2929.T,2929,ファーマフーズ
2930.T,2930,北の達人コーポレーション
2931.T,2931,ユーグレナ
2932.T,2932,ＳＴＩフードホールディングス
2933.T,2933,紀文食品
2934.T,2934,ジェイフロンティア
2935.T,2935,ピックルスホールディングス
2936.T,2936,ベースフード
2937.T,2937,サンクゼール
2938.T,2938,オカムラ食品工業
2961.T,2961,日本調理機
2962.T,2962,テクニスコ
2970.T,2970,グッドライフカンパニー
2975.T,2975,スター・マイカ・ホールディングス
2978.T,2978,ツクルバ
2980.T,2980,ＳＲＥホールディングス
2981.T,2981,ランディックス
2982.T,2982,ＡＤワークスグループ
2983.T,2983,アールプランナー
2984.T,2984,ヤマイチエステート
2985.T,2985,ファーストステージ
2986.T,2986,ＬＡホールディングス
2990.T,2990,アイダ設計
2991.T,2991,ランドネット
2992.T,2992,アーバンライク
2993.T,2993,長栄
2994.T,2994,アンサーホールディングス
2995.T,2995,ジェイレックス・コーポレーション
2997.T,2997,ストレージ王
2998.T,2998,クリアル
2999.T,2999,ホームポジション
3001.T,3001,片倉工業
3002.T,3002,グンゼ
3003.T,3003,ヒューリック
3004.T,3004,神栄
3010.T,3010,ポラリス・ホールディングス
3011.T,3011,バナーズ
3020.T,3020,アプライド
3021.T,3021,パシフィックネット
3023.T,3023,ラサ商事
3024.T,3024,クリエイト
3028.T,3028,アルペン
3030.T,3030,ハブ
3031.T,3031,ラクーンホールディングス
3034.T,3034,クオールホールディングス
3035.T,3035,ケイティケイ
3036.T,3036,アルコニックス
3038.T,3038,神戸物産
3040.T,3040,ソリトンシステムズ
3041.T,3041,ビューティカダンホールディングス
3042.T,3042,セキュアヴェイル
3045.T,3045,カワサキ
3046.T,3046,ジンズホールディングス
3048.T,3048,ビックカメラ
3050.T,3050,ＤＣＭホールディングス
3053.T,3053,ペッパーフードサービス
3054.T,3054,ハイパー
3058.T,3058,三洋堂ホールディングス
3059.T,3059,ヒラキ
3063.T,3063,ジェイグループホールディングス
3064.T,3064,ＭｏｎｏｔａＲＯ
3065.T,3065,ライフフーズ
3067.T,3067,東京一番フーズ
3068.T,3068,ＷＤＩ
3069.T,3069,ＪＦＬＡホールディングス
3070.T,3070,ジェリービーンズグループ
3071.T,3071,ストリーム
3075.T,3075,銚子丸
3076.T,3076,あい　ホールディングス
3077.T,3077,ホリイフードサービス
3079.T,3079,ディーブイエックス
3080.T,3080,ジェーソン
3082.T,3082,きちりホールディングス
3083.T,3083,スターシーズ
3086.T,3086,Ｊ．フロント　リテイリング
3087.T,3087,ドトール・日レスホールディングス
3088.T,3088,マツキヨココカラ＆カンパニー
3089.T,3089,テクノアルファ
3091.T,3091,ブロンコビリー
3092.T,3092,ＺＯＺＯ
3093.T,3093,トレジャー・ファクトリー
3094.T,3094,スーパーバリュー
3096.T,3096,オーシャンシステム
3097.T,3097,物語コーポレーション
3099.T,3099,三越伊勢丹ホールディングス
3101.T,3101,東洋紡
3103.T,3103,ユニチカ
3104.T,3104,富士紡ホールディングス
3105.T,3105,日清紡ホールディングス
3106.T,3106,倉敷紡績
3107.T,3107,ダイワボウホールディングス
3109.T,3109,シキボウ
3110.T,3110,日東紡績
3111.T,3111,オーミケンシ
3113.T,3113,ＵＮＩＶＡ・Ｏａｋホールディングス
3116.T,3116,トヨタ紡織
3121.T,3121,マーチャント・バンカーズ
3123.T,3123,サイボー
3131.T,3131,シンデン・ハイテックス
3132.T,3132,マクニカホールディングス
3133.T,3133,海帆
3134.T,3134,Ｈａｍｅｅ
3135.T,3135,マーケットエンタープライズ
3137.T,3137,ファンデリー
3138.T,3138,富士山マガジンサービス
3139.T,3139,ラクト・ジャパン
3140.T,3140,ＢＲＵＮＯ
3143.T,3143,オーウイル
3148.T,3148,クリエイトＳＤホールディングス
3150.T,3150,グリムス
3151.T,3151,バイタルケーエスケー・ホールディングス
3153.T,3153,八洲電機
3154.T,3154,メディアスホールディングス
3156.T,3156,レスター
3157.T,3157,ジオリーブグループ
3159.T,3159,丸善ＣＨＩホールディングス
3160.T,3160,大光
3161.T,3161,アゼアス
3166.T,3166,ＯＣＨＩホールディングス
3167.T,3167,ＴＯＫＡＩホールディングス
3168.T,3168,ＭＥＲＦ
3169.T,3169,ミサワ
3172.T,3172,ティーライフ
3173.T,3173,Ｃｏｍｉｎｉｘ
3174.T,3174,ハピネス・アンド・ディ
3175.T,3175,エー・ピーホールディングス
3176.T,3176,三洋貿易
3177.T,3177,ありがとうサービス
3178.T,3178,チムニー
3179.T,3179,シュッピン
3180.T,3180,ビューティガレージ
3181.T,3181,買取王国
3182.T,3182,オイシックス・ラ・大地
3183.T,3183,ウイン・パートナーズ
3184.T,3184,ＩＣＤＡホールディングス
3185.T,3185,夢展望
3186.T,3186,ネクステージ
3187.T,3187,ミラタップ
3189.T,3189,ＡＮＡＰホールディングス
3190.T,3190,ホットマン
3191.T,3191,ジョイフル本田
3192.T,3192,白鳩
3193.T,3193,エターナルホスピタリティグループ
3195.T,3195,ジェネレーションパス
3196.T,3196,ホットランドホールディングス
3197.T,3197,すかいらーくホールディングス
3198.T,3198,ＳＦＰホールディングス
3199.T,3199,綿半ホールディングス
3201.T,3201,日本毛織
3202.T,3202,ダイトウボウ
3204.T,3204,トーア紡コーポレーション
3205.T,3205,ダイドーリミテッド
3221.T,3221,ヨシックスホールディングス
3222.T,3222,ユナイテッド・スーパーマーケット・ホールディングス
3223.T,3223,エスエルディー
3224.T,3224,ゼネラル・オイスター
3231.T,3231,野村不動産ホールディングス
3232.T,3232,三重交通グループホールディングス
3236.T,3236,プロパスト
3237.T,3237,イントランス
3238.T,3238,セントラル総合開発
3241.T,3241,ウィル
3242.T,3242,アーバネットコーポレーション
3245.T,3245,ディア・ライフ
3246.T,3246,コーセーアールイー
3248.T,3248,アールエイジ
3252.T,3252,地主
3261.T,3261,グランディーズ
3266.T,3266,ファンドクリエーショングループ
3267.T,3267,フィル・カンパニー
3271.T,3271,ＴＨＥグローバル社
3276.T,3276,ＪＰＭＣ
3277.T,3277,サンセイランディック
3280.T,3280,エストラスト
3284.T,3284,フージャースホールディングス
3286.T,3286,トラストホールディングス
3288.T,3288,オープンハウスグループ
3289.T,3289,東急不動産ホールディングス
3291.T,3291,飯田グループホールディングス
3293.T,3293,アズマハウス
3294.T,3294,イーグランド
3297.T,3297,東武住販
3299.T,3299,ムゲンエステート
3300.T,3300,アンビション　ＤＸ　ホールディングス
3302.T,3302,帝国繊維
3306.T,3306,日本製麻
3315.T,3315,日本コークス工業
3317.T,3317,フライングガーデン
3320.T,3320,クロスプラス
3321.T,3321,ミタチ産業
3323.T,3323,レカム
3326.T,3326,ランシステム
3329.T,3329,東和フードサービス
3333.T,3333,あさひ
3341.T,3341,日本調剤
3349.T,3349,コスモス薬品
3350.T,3350,メタプラネット
3352.T,3352,バッファロー
3353.T,3353,メディカル一光グループ
3355.T,3355,クリヤマホールディングス
3358.T,3358,ワイエスフード
3359.T,3359,ｃｏｔｔａ
3360.T,3360,シップヘルスケアホールディングス
3361.T,3361,トーエル
3370.T,3370,フジタコーポレーション
3371.T,3371,ソフトクリエイトホールディングス
3372.T,3372,関門海
3374.T,3374,内外テック
3375.T,3375,ＺＯＡ
3377.T,3377,バイク王＆カンパニー
3382.T,3382,セブン＆アイ・ホールディングス
3386.T,3386,コスモ・バイオ
3387.T,3387,クリエイト・レストランツ・ホールディングス
3388.T,3388,明治電機工業
3391.T,3391,ツルハホールディングス
3392.T,3392,デリカフーズホールディングス
3393.T,3393,スターティアホールディングス
3395.T,3395,サンマルクホールディングス
3396.T,3396,フェリシモ
3397.T,3397,トリドールホールディングス
3399.T,3399,丸千代山岡家
3401.T,3401,帝人
3402.T,3402,東レ
3405.T,3405,クラレ
3407.T,3407,旭化成
3409.T,3409,北紡
3415.T,3415,ＴＯＫＹＯ　ＢＡＳＥ
3416.T,3416,ピクスタ
3417.T,3417,大木ヘルスケアホールディングス
3418.T,3418,バルニバービ
3420.T,3420,ケー・エフ・シー
3421.T,3421,稲葉製作所
3422.T,3422,Ｊ－ＭＡＸ
3423.T,3423,エスイー
3426.T,3426,アトムリビンテック
3431.T,3431,宮地エンジニアリンググループ
3433.T,3433,トーカロ
3434.T,3434,アルファＣｏ
3435.T,3435,サンコーテクノ
3436.T,3436,ＳＵＭＣＯ
3437.T,3437,特殊電極
3439.T,3439,三ツ知
3440.T,3440,日創グループ
3441.T,3441,山王
3443.T,3443,川田テクノロジーズ
3444.T,3444,菊池製作所
3445.T,3445,ＲＳ　Ｔｅｃｈｎｏｌｏｇｉｅｓ
3446.T,3446,ジェイテックコーポレーション
3447.T,3447,信和
3448.T,3448,清鋼材
3449.T,3449,テクノフレックス
3450.T,3450,サトウ産業
3452.T,3452,ビーロット
3454.T,3454,ファーストブラザーズ
3457.T,3457,Ａｎｄ　Ｄｏホールディングス
3461.T,3461,パルマ
3465.T,3465,ケイアイスター不動産
3467.T,3467,アグレ都市デザイン
3469.T,3469,デュアルタップ
3474.T,3474,Ｇ－ＦＡＣＴＯＲＹ
3475.T,3475,グッドコムアセット
3477.T,3477,フォーライフ
3479.T,3479,ティーケーピー
3480.T,3480,ジェイ・エス・ビー
3482.T,3482,ロードスターキャピタル
3483.T,3483,翔栄
3484.T,3484,イノベーションホールディングス
3486.T,3486,グローバル・リンク・マネジメント
3489.T,3489,フェイスネットワーク
3490.T,3490,アズ企画設計
3491.T,3491,ＧＡ　ｔｅｃｈｎｏｌｏｇｉｅｓ
3494.T,3494,マリオン
3495.T,3495,香陵住販
3496.T,3496,アズーム
3498.T,3498,霞ヶ関キャピタル
3501.T,3501,ＳＵＭＩＮＯＥ
3512.T,3512,日本フエルト
3513.T,3513,イチカワ
3521.T,3521,テルマー湯ホールディングス
3524.T,3524,日東製網
3526.T,3526,芦森工業
3529.T,3529,アツギ
3536.T,3536,アクサスホールディングス
3537.T,3537,昭栄薬品
3538.T,3538,ウイルプラスホールディングス
3539.T,3539,ＪＭホールディングス
3540.T,3540,歯愛メディカル
3541.T,3541,農業総合研究所
3542.T,3542,ベガコーポレーション
3543.T,3543,コメダホールディングス
3544.T,3544,サツドラホールディングス
3546.T,3546,アレンザホールディングス
3547.T,3547,串カツ田中ホールディングス
3548.T,3548,バロックジャパンリミテッド
3549.T,3549,クスリのアオキホールディングス
3550.T,3550,スタジオアタオ
3551.T,3551,ダイニック
3553.T,3553,共和レザー
3556.T,3556,リネットジャパングループ
3557.T,3557,ユナイテッド＆コレクティブ
3558.T,3558,ジェイドグループ
3559.T,3559,ピーバンドットコム
3560.T,3560,ほぼ日
3561.T,3561,力の源ホールディングス
3562.T,3562,Ｎｏ．１
3563.T,3563,ＦＯＯＤ　＆　ＬＩＦＥ　ＣＯＭＰＡＮＩＥＳ
3565.T,3565,アセンテック
3566.T,3566,ユニフォームネクスト
3569.T,3569,セーレン
3571.T,3571,ソトー
3577.T,3577,東海染工
3580.T,3580,小松マテーレ
3583.T,3583,オーベクス
3591.T,3591,ワコールホールディングス
3593.T,3593,ホギメディカル
3597.T,3597,自重堂
3598.T,3598,山喜
3600.T,3600,フジックス
3607.T,3607,クラウディアホールディングス
3608.T,3608,ＴＳＩホールディングス
3611.T,3611,マツオカコーポレーション
3612.T,3612,ワールド
3622.T,3622,ネットイヤーグループ
3623.T,3623,ビリングシステム
3624.T,3624,アクセルマーク
3625.T,3625,テックファームホールディングス
3626.T,3626,ＴＩＳ
3627.T,3627,テクミラホールディングス
3628.T,3628,データホライゾン
3632.T,3632,グリーホールディングス
3633.T,3633,ＧＭＯペパボ
3634.T,3634,ソケッツ
3635.T,3635,コーエーテクモホールディングス
3636.T,3636,三菱総合研究所
3639.T,3639,ボルテージ
3640.T,3640,電算
3641.T,3641,パピレス
3645.T,3645,メディカルネット
3646.T,3646,駅探
3647.T,3647,ジー・スリーホールディングス
3648.T,3648,ＡＧＳ
3649.T,3649,ファインデックス
3652.T,3652,ディジタルメディアプロフェッショナル
3653.T,3653,モルフォ
3655.T,3655,ブレインパッド
3656.T,3656,ＫＬａｂ
3657.T,3657,ポールトゥウィンホールディングス
3659.T,3659,ネクソン
3660.T,3660,アイスタイル
3661.T,3661,エムアップホールディングス
3662.T,3662,エイチームホールディングス
3663.T,3663,セルシス
3664.T,3664,モブキャストホールディングス
3665.T,3665,エニグモ
3667.T,3667,ｅｎｉｓｈ
3668.T,3668,コロプラ
3670.T,3670,協立情報通信
3671.T,3671,ソフトマックス
3672.T,3672,オルトプラス
3673.T,3673,ブロードリーフ
3674.T,3674,オークファン
3675.T,3675,クロス・マーケティンググループ
3676.T,3676,デジタルハーツホールディングス
3678.T,3678,メディアドゥ
3679.T,3679,じげん
3680.T,3680,ホットリンク
3681.T,3681,ブイキューブ
3682.T,3682,エンカレッジ・テクノロジ
3683.T,3683,サイバーリンクス
3686.T,3686,ディー・エル・イー
3687.T,3687,フィックスターズ
3688.T,3688,ＣＡＲＴＡ　ＨＯＬＤＩＮＧＳ
3690.T,3690,イルグルム
3691.T,3691,デジタルプラス
3692.T,3692,ＦＦＲＩセキュリティ
3694.T,3694,オプティム
3695.T,3695,ＧＭＯプロダクトプラットフォーム
3696.T,3696,セレス
3697.T,3697,ＳＨＩＦＴ
3698.T,3698,ＣＲＩ・ミドルウェア
3708.T,3708,特種東海製紙
3710.T,3710,ジョルダン
3712.T,3712,情報企画
3719.T,3719,ＡＩストーム
3723.T,3723,日本ファルコム
3726.T,3726,フォーシーズＨＤ
3727.T,3727,アプリックス
3733.T,3733,ソフトウェア・サービス
3741.T,3741,セック
3744.T,3744,サイオス
3747.T,3747,インタートレード
3750.T,3750,ＡＤＲ１２０Ｓ
3753.T,3753,フライトソリューションズ
3758.T,3758,アエリア
3760.T,3760,ケイブ
3762.T,3762,テクマトリックス
3763.T,3763,プロシップ
3765.T,3765,ガンホー・オンライン・エンターテイメント
3766.T,3766,システムズ・デザイン
3768.T,3768,リスクモンスター
3769.T,3769,ＧＭＯペイメントゲートウェイ
3771.T,3771,システムリサーチ
3772.T,3772,ウェルス・マネジメント
3773.T,3773,アドバンスト・メディア
3774.T,3774,インターネットイニシアティブ
3776.T,3776,ブロードバンドタワー
3777.T,3777,環境フレンドリーホールディングス
3778.T,3778,さくらインターネット
3779.T,3779,ジェイ・エスコムホールディングス
3787.T,3787,テクノマセマティカル
3788.T,3788,ＧＭＯグローバルサイン・ホールディングス
3791.T,3791,ＩＧポート
3793.T,3793,ドリコム
3796.T,3796,いい生活
3798.T,3798,ＵＬＳグループ
3799.T,3799,キーウェアソリューションズ
3800.T,3800,ユニリタ
3802.T,3802,エコミック
3803.T,3803,イメージ情報開発
3804.T,3804,システム　ディ
3807.T,3807,フィスコ
3810.T,3810,サイバーステップ
3815.T,3815,メディア工房
3816.T,3816,大和コンピューター
3817.T,3817,ＳＲＡホールディングス
3823.T,3823,ＴＨＥ　ＷＨＹ　ＨＯＷ　ＤＯ　ＣＯＭＰＡＮＹ
3825.T,3825,リミックスポイント
3826.T,3826,システムインテグレータ
3834.T,3834,朝日ネット
3835.T,3835,ｅＢＡＳＥ
3836.T,3836,アバントグループ
3837.T,3837,アドソル日進
3839.T,3839,ＯＤＫソリューションズ
3840.T,3840,パス
3841.T,3841,ジーダット
3842.T,3842,ネクストジェン
3843.T,3843,フリービット
3844.T,3844,コムチュア
3845.T,3845,アイフリークモバイル
3848.T,3848,データ・アプリケーション
3850.T,3850,エヌ・ティ・ティ・データ・イントラマート
3851.T,3851,日本一ソフトウェア
3853.T,3853,アステリア
3854.T,3854,アイル
3856.T,3856,Ａｂａｌａｎｃｅ
3858.T,3858,ユビキタスＡＩ
3861.T,3861,王子ホールディングス
3863.T,3863,日本製紙
3864.T,3864,三菱製紙
3865.T,3865,北越コーポレーション
3877.T,3877,中越パルプ工業
3878.T,3878,巴川コーポレーション
3880.T,3880,大王製紙
3891.T,3891,ニッポン高度紙工業
3892.T,3892,岡山製紙
3895.T,3895,ハビックス
3896.T,3896,阿波製紙
3900.T,3900,クラウドワークス
3901.T,3901,マークラインズ
3902.T,3902,メディカル・データ・ビジョン
3903.T,3903,ｇｕｍｉ
3904.T,3904,カヤック
3905.T,3905,データセクション
3907.T,3907,シリコンスタジオ
3908.T,3908,コラボス
3909.T,3909,ショーケース
3910.T,3910,エムケイシステム
3911.T,3911,Ａｉｍｉｎｇ
3912.T,3912,モバイルファクトリー
3913.T,3913,ＧｒｅｅｎＢｅｅ
3914.T,3914,ＪＩＧ－ＳＡＷ
3915.T,3915,テラスカイ
3916.T,3916,デジタル・インフォメーション・テクノロジー
3917.T,3917,アイリッジ
3918.T,3918,ＰＣＩホールディングス
3920.T,3920,アイビーシー
3921.T,3921,ネオジャパン
3922.T,3922,ＰＲ　ＴＩＭＥＳ
3923.T,3923,ラクス
3924.T,3924,ランドコンピュータ
3925.T,3925,ダブルスタンダード
3926.T,3926,オープンドア
3927.T,3927,フーバーブレイン
3928.T,3928,マイネット
3929.T,3929,ソーシャルワイヤー
3930.T,3930,はてな
3931.T,3931,バリューゴルフ
3932.T,3932,アカツキ
3933.T,3933,チエル
3934.T,3934,ベネフィットジャパン
3935.T,3935,エディア
3936.T,3936,グローバルウェイ
3937.T,3937,Ｕｂｉｃｏｍホールディングス
3939.T,3939,カナミックネットワーク
3940.T,3940,ノムラシステムコーポレーション
3941.T,3941,レンゴー
3943.T,3943,大石産業
3944.T,3944,古林紙工
3945.T,3945,スーパーバッグ
3946.T,3946,トーモク
3947.T,3947,ダイナパック
3948.T,3948,光ビジネスフォーム
3950.T,3950,ザ・パック
3951.T,3951,朝日印刷
3953.T,3953,大村紙業
3954.T,3954,昭和パックス
3955.T,3955,イムラ
3958.T,3958,笹徳印刷
3961.T,3961,シルバーエッグ・テクノロジー
3962.T,3962,チェンジホールディングス
3963.T,3963,シンクロ・フード
3964.T,3964,オークネット
3965.T,3965,キャピタル・アセット・プランニング
3967.T,3967,エルテス
3968.T,3968,セグエグループ
3969.T,3969,エイトレッド
3970.T,3970,イノベーション
3974.T,3974,ＳＣＡＴ
3976.T,3976,シャノン
3979.T,3979,うるる
3981.T,3981,ビーグリー
3983.T,3983,オロ
3984.T,3984,ユーザーローカル
3985.T,3985,テモナ
3986.T,3986,ビーブレイクシステムズ
3987.T,3987,エコモット
3988.T,3988,ＳＹＳホールディングス
3989.T,3989,シェアリングテクノロジー
3991.T,3991,ウォンテッドリー
3992.T,3992,ニーズウェル
3993.T,3993,ＰＫＳＨＡ　Ｔｅｃｈｎｏｌｏｇｙ
3994.T,3994,マネーフォワード
3996.T,3996,サインポスト
3997.T,3997,トレードワークス
3998.T,3998,すららネット
4004.T,4004,レゾナック・ホールディングス
4005.T,4005,住友化学
4008.T,4008,住友精化
4011.T,4011,ヘッドウォータース
4012.T,4012,アクシス
4013.T,4013,勤次郎
4014.T,4014,カラダノート
4015.T,4015,ペイクラウドホールディングス
4016.T,4016,ＭＩＴホールディングス
4017.T,4017,クリーマ
4019.T,4019,スタメン
4020.T,4020,ビートレンド
4021.T,4021,日産化学
4022.T,4022,ラサ工業
4023.T,4023,クレハ
4025.T,4025,多木化学
4026.T,4026,神島化学工業
4027.T,4027,テイカ
4028.T,4028,石原産業
4031.T,4031,片倉コープアグリ
4040.T,4040,南海化学
4041.T,4041,日本曹達
4042.T,4042,東ソー
4043.T,4043,トクヤマ
4044.T,4044,セントラル硝子
4045.T,4045,東亞合成
4046.T,4046,大阪ソーダ
4047.T,4047,関東電化工業
4051.T,4051,ＧＭＯフィナンシャルゲート
4052.T,4052,フィーチャ
4053.T,4053,Ｓｕｎ　Ａｓｔｅｒｉｓｋ
4054.T,4054,日本情報クリエイト
4055.T,4055,ティアンドエスグループ
4056.T,4056,ニューラルグループ
4057.T,4057,インターファクトリー
4058.T,4058,トヨクモ
4059.T,4059,まぐまぐ
4060.T,4060,ｒａｋｕｍｏ
4061.T,4061,デンカ
4062.T,4062,イビデン
4063.T,4063,信越化学工業
4064.T,4064,日本カーバイド工業
4068.T,4068,ベイシス
4069.T,4069,ＢｌｕｅＭｅｍｅ
4071.T,4071,プラスアルファ・コンサルティング
4072.T,4072,電算システムホールディングス
4073.T,4073,ジィ・シィ企画
4074.T,4074,ラキール
4075.T,4075,ブレインズテクノロジー
4076.T,4076,シイエヌエス
4078.T,4078,堺化学工業
4080.T,4080,田中化学研究所
4082.T,4082,第一稀元素化学工業
4088.T,4088,エア・ウォーター
4091.T,4091,日本酸素ホールディングス
4092.T,4092,日本化学工業
4093.T,4093,東邦アセチレン
4094.T,4094,日本化学産業
4095.T,4095,日本パーカライジング
4097.T,4097,高圧ガス工業
4098.T,4098,チタン工業
4099.T,4099,四国化成ホールディングス
4100.T,4100,戸田工業
4102.T,4102,丸尾カルシウム
4107.T,4107,伊勢化学工業
4109.T,4109,ステラ　ケミファ
4112.T,4112,保土谷化学工業
4113.T,4113,田岡化学工業
4114.T,4114,日本触媒
4116.T,4116,大日精化工業
4118.T,4118,カネカ
4119.T,4119,日本ピグメントホールディングス
4120.T,4120,スガイ化学工業
4124.T,4124,大阪油化工業
4125.T,4125,三和油化工業
4151.T,4151,協和キリン
4165.T,4165,プレイド
4166.T,4166,かっこ
4167.T,4167,ココペリ
4168.T,4168,ヤプリ
4169.T,4169,ＥＮＥＣＨＡＮＧＥ
4170.T,4170,Ｋａｉｚｅｎ　Ｐｌａｔｆｏｒｍ
4171.T,4171,グローバルインフォメーション
4172.T,4172,東和ハイシステム
4174.T,4174,アピリッツ
4175.T,4175,ｃｏｌｙ
4176.T,4176,ココナラ
4177.T,4177,ｉ‐ｐｌｕｇ
4178.T,4178,Ｓｈａｒｉｎｇ　Ｉｎｎｏｖａｔｉｏｎｓ
4179.T,4179,ジーネクスト
4180.T,4180,Ａｐｐｉｅｒ　Ｇｒｏｕｐ
4182.T,4182,三菱瓦斯化学
4183.T,4183,三井化学
4186.T,4186,東京応化工業
4187.T,4187,大阪有機化学工業
4188.T,4188,三菱ケミカルグループ
4189.T,4189,ＫＨネオケム
4192.T,4192,スパイダープラス
4193.T,4193,ファブリカホールディングス
4194.T,4194,ビジョナル
4196.T,4196,ネオマーケティング
4197.T,4197,アスマーク
4198.T,4198,テンダ
4199.T,4199,ワンダープラネット
4202.T,4202,ダイセル
4203.T,4203,住友ベークライト
4204.T,4204,積水化学工業
4205.T,4205,日本ゼオン
4206.T,4206,アイカ工業
4208.T,4208,ＵＢＥ
4212.T,4212,積水樹脂
4216.T,4216,旭有機材
4218.T,4218,ニチバン
4220.T,4220,リケンテクノス
4221.T,4221,大倉工業
4222.T,4222,児玉化学工業
4224.T,4224,ロンシール工業
4228.T,4228,積水化成品工業
4229.T,4229,群栄化学工業
4231.T,4231,タイガースポリマー
4234.T,4234,サンエー化研
4235.T,4235,ウルトラファブリックス・ホールディングス
4237.T,4237,フジプレアム
4238.T,4238,ミライアル
4240.T,4240,クラスターテクノロジー
4241.T,4241,アテクト
4242.T,4242,タカギセイコー
4243.T,4243,ニックス
4245.T,4245,ダイキアクシス
4246.T,4246,ダイキョーニシカワ
4247.T,4247,ポバール興業
4248.T,4248,竹本容器
4249.T,4249,森六
4251.T,4251,恵和
4255.T,4255,ＴＨＥＣＯＯ
4256.T,4256,サインド
4258.T,4258,網屋
4259.T,4259,エクサウィザーズ
4260.T,4260,ハイブリッドテクノロジーズ
4261.T,4261,アジアクエスト
4262.T,4262,ニフティライフスタイル
4263.T,4263,サスメド
4264.T,4264,セキュア
4265.T,4265,Ｉｎｓｔｉｔｕｔｉｏｎ　ｆｏｒ　ａ　Ｇｌｏｂａｌ　Ｓｏｃｉｅｔｙ
4270.T,4270,ＢｅｅＸ
4272.T,4272,日本化薬
4274.T,4274,細谷火工
4275.T,4275,カーリット
4284.T,4284,ソルクシーズ
4286.T,4286,ＣＬホールディングス
4287.T,4287,ジャストプランニング
4288.T,4288,アズジェント
4290.T,4290,プレステージ・インターナショナル
4293.T,4293,セプテーニ・ホールディングス
4299.T,4299,ハイマックス
4301.T,4301,アミューズ
4307.T,4307,野村総合研究所
4308.T,4308,Ｊストリーム
4310.T,4310,ドリームインキュベータ
4316.T,4316,ビーマップ
4317.T,4317,レイ
4318.T,4318,クイック
4319.T,4319,ＴＡＣ
4320.T,4320,ＣＥホールディングス
4323.T,4323,日本システム技術
4324.T,4324,電通グループ
4326.T,4326,インテージホールディングス
4331.T,4331,テイクアンドギヴ・ニーズ
4333.T,4333,東邦システムサイエンス
4334.T,4334,ユークス
4335.T,4335,ＩＰＳホールディングス
4337.T,4337,ぴあ
4341.T,4341,西菱電機
4343.T,4343,イオンファンタジー
4344.T,4344,ソースネクスト
4345.T,4345,シーティーエス
4346.T,4346,ＮＥＸＹＺ．Ｇｒｏｕｐ
4347.T,4347,ブロードメディア
4350.T,4350,メディカルシステムネットワーク
4351.T,4351,山田再生系債権回収総合事務所
4356.T,4356,応用技術
4360.T,4360,マナック・ケミカル・パートナーズ
4361.T,4361,川口化学工業
4362.T,4362,日本精化
4365.T,4365,松本油脂製薬
4366.T,4366,ダイトーケミックス
4367.T,4367,広栄化学
4368.T,4368,扶桑化学工業
4369.T,4369,トリケミカル研究所
4370.T,4370,モビルス
4371.T,4371,コアコンセプト・テクノロジー
4372.T,4372,ユミルリンク
4373.T,4373,シンプレクス・ホールディングス
4374.T,4374,ＲＯＢＯＴ　ＰＡＹＭＥＮＴ
4375.T,4375,セーフィー
4376.T,4376,くふうカンパニーホールディングス
4377.T,4377,ワンキャリア
4378.T,4378,ＣＩＮＣ
4379.T,4379,Ｐｈｏｔｏｓｙｎｔｈ
4380.T,4380,Ｍマート
4381.T,4381,ビープラッツ
4382.T,4382,ＨＥＲＯＺ
4384.T,4384,ラクスル
4385.T,4385,メルカリ
4386.T,4386,ＳＩＧグループ
4387.T,4387,ＺＵＵ
4388.T,4388,エーアイ
4389.T,4389,プロパティデータバンク
4390.T,4390,ＩＰＳ
4391.T,4391,ロジザード
4392.T,4392,ＦＩＧ
4393.T,4393,バンク・オブ・イノベーション
4394.T,4394,エクスモーション
4395.T,4395,アクリート
4396.T,4396,システムサポートホールディングス
4397.T,4397,チームスピリット
4398.T,4398,ブロードバンドセキュリティ
4401.T,4401,ＡＤＥＫＡ
4403.T,4403,日油
4404.T,4404,ミヨシ油脂
4406.T,4406,新日本理化
4409.T,4409,東邦化学工業
4410.T,4410,ハリマ化成グループ
4412.T,4412,サイエンスアーツ
4413.T,4413,ボードルア
4414.T,4414,フレクト
4415.T,4415,ブロードエンタープライズ
4416.T,4416,Ｔｒｕｅ　Ｄａｔａ
4417.T,4417,グローバルセキュリティエキスパート
4418.T,4418,ＪＤＳＣ
4419.T,4419,Ｆｉｎａｔｅｘｔホールディングス
4420.T,4420,イーソル
4421.T,4421,ディ・アイ・システム
4422.T,4422,ＶＡＬＵＥＮＥＸ
4424.T,4424,Ａｍａｚｉａ
4425.T,4425,Ｋｕｄａｎ
4426.T,4426,パスロジ
4427.T,4427,ＥｄｕＬａｂ
4428.T,4428,シノプス
4429.T,4429,リックソフト
4430.T,4430,東海ソフト
4431.T,4431,スマレジ
4432.T,4432,ウイングアーク１ｓｔ
4433.T,4433,ヒト・コミュニケーションズ・ホールディングス
4434.T,4434,サーバーワークス
4436.T,4436,ミンカブ・ジ・インフォノイド
4437.T,4437,ｇｏｏｄｄａｙｓホールディングス
4438.T,4438,Ｗｅｌｂｙ
4439.T,4439,東名
4440.T,4440,ヴィッツ
4441.T,4441,トビラシステムズ
4442.T,4442,バルテス・ホールディングス
4443.T,4443,Ｓａｎｓａｎ
4444.T,4444,インフォネット
4445.T,4445,リビン・テクノロジーズ
4446.T,4446,Ｌｉｎｋ－Ｕグループ
4447.T,4447,ピー・ビーシステムズ
4448.T,4448,ｋｕｂｅｌｌ
4449.T,4449,ギフティ
4450.T,4450,パワーソリューションズ
4452.T,4452,花王
4461.T,4461,第一工業製薬
4462.T,4462,石原ケミカル
4463.T,4463,日華化学
4464.T,4464,ソフト９９コーポレーション
4465.T,4465,ニイタカ
4471.T,4471,三洋化成工業
4475.T,4475,ＨＥＮＮＧＥ
4476.T,4476,ＡＩ　ＣＲＯＳＳ
4477.T,4477,ＢＡＳＥ
4478.T,4478,フリー
4479.T,4479,マクアケ
4480.T,4480,メドレー
4481.T,4481,ベース
4482.T,4482,ウィルズ
4483.T,4483,ＪＭＤＣ
4484.T,4484,ランサーズ
4486.T,4486,ユナイトアンドグロウ
4487.T,4487,スペースマーケット
4488.T,4488,ＡＩ　ｉｎｓｉｄｅ
4490.T,4490,ビザスク
4491.T,4491,コンピューターマネージメント
4492.T,4492,ゼネテック
4493.T,4493,サイバーセキュリティクラウド
4494.T,4494,バリオセキュア
4495.T,4495,アイキューブドシステムズ
4496.T,4496,コマースＯｎｅホールディングス
4498.T,4498,サイバートラスト
4499.T,4499,Ｓｐｅｅｅ
4502.T,4502,武田薬品工業
4503.T,4503,アステラス製薬
4506.T,4506,住友ファーマ
4507.T,4507,塩野義製薬
4512.T,4512,わかもと製薬
4516.T,4516,日本新薬
4519.T,4519,中外製薬
4521.T,4521,科研製薬
4523.T,4523,エーザイ
4524.T,4524,森下仁丹
4526.T,4526,理研ビタミン
4527.T,4527,ロート製薬
4528.T,4528,小野薬品工業
4530.T,4530,久光製薬
4531.T,4531,有機合成薬品工業
4534.T,4534,持田製薬
4536.T,4536,参天製薬
4538.T,4538,扶桑薬品工業
4539.T,4539,日本ケミファ
4540.T,4540,ツムラ
4543.T,4543,テルモ
4544.T,4544,Ｈ．Ｕ．グループホールディングス
4547.T,4547,キッセイ薬品工業
4548.T,4548,生化学工業
4549.T,4549,栄研化学
4552.T,4552,ＪＣＲファーマ
4553.T,4553,東和薬品
4554.T,4554,富士製薬工業
4556.T,4556,カイノス
4558.T,4558,中京医薬品
4559.T,4559,ゼリア新薬工業
4563.T,4563,アンジェス
4564.T,4564,オンコセラピー・サイエンス
4565.T,4565,ネクセラファーマ
4568.T,4568,第一三共
4569.T,4569,杏林製薬
4570.T,4570,免疫生物研究所
4571.T,4571,ＮＡＮＯ　ＭＲＮＡ
4572.T,4572,カルナバイオサイエンス
4574.T,4574,大幸薬品
4575.T,4575,キャンバス
4576.T,4576,デ・ウエスタン・セラピテクス研究所
4577.T,4577,ダイト
4578.T,4578,大塚ホールディングス
4579.T,4579,ラクオリア創薬
4582.T,4582,シンバイオ製薬
4583.T,4583,カイオム・バイオサイエンス
4584.T,4584,キッズウェル・バイオ
4586.T,4586,メドレックス
4587.T,4587,ペプチドリーム
4588.T,4588,オンコリスバイオファーマ
4591.T,4591,リボミック
4592.T,4592,サンバイオ
4593.T,4593,ヘリオス
4594.T,4594,ブライトパス・バイオ
4595.T,4595,ミズホメディー
4596.T,4596,窪田製薬ホールディングス
4597.T,4597,ソレイジア・ファーマ
4598.T,4598,Ｄｅｌｔａ－Ｆｌｙ　Ｐｈａｒｍａ
4599.T,4599,ステムリム
4611.T,4611,大日本塗料
4612.T,4612,日本ペイントホールディングス
4613.T,4613,関西ペイント
4615.T,4615,神東塗料
4616.T,4616,川上塗料
4617.T,4617,中国塗料
4619.T,4619,日本特殊塗料
4620.T,4620,藤倉化成
4623.T,4623,アサヒペン
4624.T,4624,イサム塗料
4625.T,4625,アトミクス
4626.T,4626,太陽ホールディングス
4627.T,4627,ナトコ
4628.T,4628,エスケー化研
4629.T,4629,大伸化学
4631.T,4631,ＤＩＣ
4633.T,4633,サカタインクス
4634.T,4634,ａｒｔｉｅｎｃｅ
4635.T,4635,東京インキ
4641.T,4641,アルプス技研
4642.T,4642,オリジナル設計
4644.T,4644,イマジニア
4645.T,4645,市進ホールディングス
4650.T,4650,ＳＤエンターテイメント
4651.T,4651,サニックスホールディングス
4657.T,4657,環境管理センター
4658.T,4658,日本空調サービス
4659.T,4659,エイジス
4661.T,4661,オリエンタルランド
4662.T,4662,フォーカスシステムズ
4664.T,4664,アール・エス・シー
4665.T,4665,ダスキン
4666.T,4666,パーク２４
4667.T,4667,アイサンテクノロジー
4668.T,4668,明光ネットワークジャパン
4671.T,4671,ファルコホールディングス
4673.T,4673,川崎地質
4674.T,4674,クレスコ
4676.T,4676,フジ・メディア・ホールディングス
4678.T,4678,秀英予備校
4679.T,4679,田谷
4680.T,4680,ラウンドワン
4681.T,4681,リゾートトラスト
4684.T,4684,オービック
4685.T,4685,菱友システムズ
4686.T,4686,ジャストシステム
4687.T,4687,ＴＤＣソフト
4689.T,4689,ＬＩＮＥヤフー
4690.T,4690,日本パレットプール
4691.T,4691,ワシントンホテル
4694.T,4694,ビー・エム・エル
4704.T,4704,トレンドマイクロ
4705.T,4705,クリップコーポレーション
4707.T,4707,キタック
4709.T,4709,ＩＤホールディングス
4712.T,4712,ＫｅｙＨｏｌｄｅｒ
4714.T,4714,リソー教育グループ
4716.T,4716,日本オラクル
4718.T,4718,早稲田アカデミー
4719.T,4719,アルファシステムズ
4720.T,4720,城南進学研究社
4722.T,4722,フューチャー
4725.T,4725,ＣＡＣ　Ｈｏｌｄｉｎｇｓ
4728.T,4728,トーセ
4732.T,4732,ユー・エス・エス
4733.T,4733,オービックビジネスコンサルタント
4735.T,4735,京進
4736.T,4736,日本ラッド
4743.T,4743,アイティフォー
4745.T,4745,東京個別指導学院
4746.T,4746,東計電算
4750.T,4750,ダイサン
4751.T,4751,サイバーエージェント
4752.T,4752,昭和システムエンジニアリング
4754.T,4754,トスネット
4755.T,4755,楽天グループ
4760.T,4760,アルファ
4761.T,4761,さくらケーシーエス
4762.T,4762,エックスネット
4763.T,4763,クリーク・アンド・リバー社
4765.T,4765,ＳＢＩグローバルアセットマネジメント
4766.T,4766,ピーエイ
4767.T,4767,テー・オー・ダブリュー
4768.T,4768,大塚商会
4769.T,4769,ＩＣ
4771.T,4771,エフアンドエム
4772.T,4772,ＳＭ　ＥＮＴＥＲＴＡＩＮＭＥＮＴ　ＪＡＰＡＮ
4776.T,4776,サイボウズ
4777.T,4777,ガーラ
4783.T,4783,ＮＣＤ
4784.T,4784,ＧＭＯインターネット
4792.T,4792,山田コンサルティンググループ
4800.T,4800,オリコン
4801.T,4801,セントラルスポーツ
4809.T,4809,パラカ
4811.T,4811,ドリーム・アーツ
4812.T,4812,電通総研
4813.T,4813,ＡＣＣＥＳＳ
4814.T,4814,ネクストウェア
4816.T,4816,東映アニメーション
4819.T,4819,デジタルガレージ
4820.T,4820,イーエムシステムズ
4825.T,4825,ウェザーニューズ
4826.T,4826,ＣＩＪ
4828.T,4828,ビジネスエンジニアリング
4829.T,4829,日本エンタープライズ
4832.T,4832,ＪＦＥシステムズ
4833.T,4833,Ｄｅｆ　ｃｏｎｓｕｌｔｉｎｇ
4838.T,4838,スペースシャワーＳＫＩＹＡＫＩホールディングス
4839.T,4839,ＷＯＷＯＷ
4840.T,4840,トライアイズ
4845.T,4845,スカラ
4847.T,4847,インテリジェント　ウェイブ
4848.T,4848,フルキャストホールディングス
4849.T,4849,エン
4875.T,4875,メディシノバ・インク
4880.T,4880,セルソース
4881.T,4881,ファンペップ
4882.T,4882,ペルセウスプロテオミクス
4883.T,4883,モダリス
4884.T,4884,クリングルファーマ
4885.T,4885,室町ケミカル
4886.T,4886,あすか製薬ホールディングス
4887.T,4887,サワイグループホールディングス
4888.T,4888,ステラファーマ
4889.T,4889,レナサイエンス
4890.T,4890,坪田ラボ
4891.T,4891,ティムス
4892.T,4892,サイフューズ
4893.T,4893,ノイルイミューン・バイオテック
4894.T,4894,クオリプス
4896.T,4896,ケイファーマ
4901.T,4901,富士フイルムホールディングス
4902.T,4902,コニカミノルタ
4911.T,4911,資生堂
4912.T,4912,ライオン
4914.T,4914,高砂香料工業
4917.T,4917,マンダム
4918.T,4918,アイビー化粧品
4919.T,4919,ミルボン
4920.T,4920,日本色材工業研究所
4922.T,4922,コーセー
4923.T,4923,コタ
4925.T,4925,ハーバー研究所
4926.T,4926,シーボン
4927.T,4927,ポーラ・オルビスホールディングス
4928.T,4928,ノエビアホールディングス
4929.T,4929,アジュバンホールディングス
4931.T,4931,新日本製薬
4932.T,4932,アルマード
4933.T,4933,Ｉ－ｎｅ
4934.T,4934,プレミアアンチエイジング
4935.T,4935,リベルタ
4936.T,4936,アクシージア
4937.T,4937,Ｗａｑｏｏ
4951.T,4951,エステー
4956.T,4956,コニシ
4957.T,4957,ヤスハラケミカル
4958.T,4958,長谷川香料
4960.T,4960,ケミプロ化成
4966.T,4966,上村工業
4967.T,4967,小林製薬
4968.T,4968,荒川化学工業
4970.T,4970,東洋合成工業
4971.T,4971,メック
4972.T,4972,綜研化学
4973.T,4973,日本高純度化学
4974.T,4974,タカラバイオ
4975.T,4975,ＪＣＵ
4976.T,4976,東洋ドライルーブ
4977.T,4977,新田ゼラチン
4978.T,4978,リプロセル
4979.T,4979,ＯＡＴアグリオ
4980.T,4980,デクセリアルズ
4985.T,4985,アース製薬
4990.T,4990,昭和化学工業
4992.T,4992,北興化学工業
4994.T,4994,大成ラミックグループ
4996.T,4996,クミアイ化学工業
4997.T,4997,日本農薬
4998.T,4998,フマキラー
5010.T,5010,日本精蝋
5011.T,5011,ニチレキグループ
5013.T,5013,ユシロ
5015.T,5015,ビーピー・カストロール
5016.T,5016,ＪＸ金属
5017.T,5017,富士石油
5018.T,5018,ＭＯＲＥＳＣＯ
5019.T,5019,出光興産
5020.T,5020,ＥＮＥＯＳホールディングス
5021.T,5021,コスモエネルギーホールディングス
5022.T,5022,レボインターナショナル
5025.T,5025,マーキュリー
5026.T,5026,トリプルアイズ
5027.T,5027,ＡｎｙＭｉｎｄ　Ｇｒｏｕｐ
5028.T,5028,セカンドサイトアナリティカ
5029.T,5029,サークレイス
5031.T,5031,モイ
5032.T,5032,ＡＮＹＣＯＬＯＲ
5033.T,5033,ヌーラボ
5034.T,5034,ｕｎｅｒｒｙ
5035.T,5035,ＨＯＵＳＥＩ
5036.T,5036,日本ビジネスシステムズ
5037.T,5037,フィットワークス
5038.T,5038,ｅＷｅＬＬ
5070.T,5070,ドラフト
5071.T,5071,ヴィス
5072.T,5072,アートフォースジャパン
5074.T,5074,テスホールディングス
5076.T,5076,インフロニア・ホールディングス
5077.T,5077,ハンズ
5078.T,5078,セレコーポレーション
5079.T,5079,ノバック
5101.T,5101,横浜ゴム
5103.T,5103,昭和ホールディングス
5105.T,5105,ＴＯＹＯ　ＴＩＲＥ
5108.T,5108,ブリヂストン
5110.T,5110,住友ゴム工業
5121.T,5121,藤倉コンポジット
5122.T,5122,オカモト
5125.T,5125,ファインズ
5126.T,5126,ポーターズ
5129.T,5129,ＦＩＸＥＲ
5130.T,5130,ヒロホールディングス
5131.T,5131,リンカーズ
5132.T,5132,ｐｌｕｓｚｅｒｏ
5133.T,5133,テリロジーホールディングス
5134.T,5134,ＰＯＰＥＲ
5135.T,5135,ＡＩＲ－Ｕ
5136.T,5136,ｔｒｉｐｌａ
5137.T,5137,スマートドライブ
5138.T,5138,Ｒｅｂａｓｅ
5139.T,5139,オープンワーク
5142.T,5142,アキレス
5161.T,5161,西川ゴム工業
5162.T,5162,朝日ラバー
5184.T,5184,ニチリン
5185.T,5185,フコク
5186.T,5186,ニッタ
5187.T,5187,クリエートメディック
5189.T,5189,櫻護謨
5191.T,5191,住友理工
5192.T,5192,三ツ星ベルト
5194.T,5194,相模ゴム工業
5195.T,5195,バンドー化学
5199.T,5199,不二ラテックス
5201.T,5201,ＡＧＣ
5202.T,5202,日本板硝子
5204.T,5204,石塚硝子
5208.T,5208,有沢製作所
5210.T,5210,日本山村硝子
5214.T,5214,日本電気硝子
5216.T,5216,倉元製作所
5218.T,5218,オハラ
5232.T,5232,住友大阪セメント
5233.T,5233,太平洋セメント
5237.T,5237,ノザワ
5240.T,5240,ｍｏｎｏＡＩ　ｔｅｃｈｎｏｌｏｇｙ
5242.T,5242,アイズ
5243.T,5243,ｎｏｔｅ
5244.T,5244,ｊｉｇ．ｊｐ
5246.T,5246,ＥＬＥＭＥＮＴＳ
5247.T,5247,ＢＴＭ
5248.T,5248,テクノロジーズ
5249.T,5249,あさかわシステムズ
5250.T,5250,プライム・ストラテジー
5251.T,5251,ウイズ・ワン
5252.T,5252,日本ナレッジ
5253.T,5253,カバー
5254.T,5254,Ａｒｅｎｔ
5255.T,5255,モンスターラボ
5256.T,5256,Ｆｕｓｉｃ
5257.T,5257,ノバシステム
5258.T,5258,トランザクション・メディア・ネットワークス
5259.T,5259,ＢＢＤイニシアティブ
5261.T,5261,リソルホールディングス
5262.T,5262,日本ヒューム
5268.T,5268,旭コンクリート工業
5269.T,5269,日本コンクリート工業
5271.T,5271,トーヨーアサノ
5273.T,5273,三谷セキサン
5279.T,5279,日本興業
5280.T,5280,ヨシコン
5282.T,5282,ジオスター
5283.T,5283,高見澤
5284.T,5284,ヤマウホールディングス
5285.T,5285,ヤマックス
5287.T,5287,イトーヨーギョー
5288.T,5288,アジアパイルホールディングス
5290.T,5290,ベルテクスコーポレーション
5301.T,5301,東海カーボン
5302.T,5302,日本カーボン
5304.T,5304,ＳＥＣカーボン
5310.T,5310,東洋炭素
5331.T,5331,ノリタケ
5332.T,5332,ＴＯＴＯ
5333.T,5333,日本碍子
5334.T,5334,日本特殊陶業
5337.T,5337,ダントーホールディングス
5341.T,5341,ＡＳＡＨＩ　ＥＩＴＯホールディングス
5344.T,5344,ＭＡＲＵＷＡ
5351.T,5351,品川リフラ
5352.T,5352,黒崎播磨
5355.T,5355,日本坩堝
5356.T,5356,美濃窯業
5357.T,5357,ヨータイ
5363.T,5363,東京窯業
5367.T,5367,ニッカトー
5368.T,5368,日本インシュレーション
5380.T,5380,新東
5381.T,5381,マイポックス
5384.T,5384,フジミインコーポレーテッド
5386.T,5386,鶴弥
5388.T,5388,クニミネ工業
5391.T,5391,エーアンドエーマテリアル
5393.T,5393,ニチアス
5401.T,5401,日本製鉄
5406.T,5406,神戸製鋼所
5408.T,5408,中山製鋼所
5410.T,5410,合同製鐵
5411.T,5411,ＪＦＥホールディングス
5423.T,5423,東京製鐵
5440.T,5440,共英製鋼
5444.T,5444,大和工業
5445.T,5445,東京鐵鋼
5446.T,5446,北越メタル
5449.T,5449,大阪製鐵
5451.T,5451,ヨドコウ
5458.T,5458,高砂鐵工
5461.T,5461,中部鋼鈑
5463.T,5463,丸一鋼管
5464.T,5464,モリ工業
5471.T,5471,大同特殊鋼
5476.T,5476,日本高周波鋼業
5480.T,5480,日本冶金工業
5482.T,5482,愛知製鋼
5484.T,5484,東北特殊鋼
5491.T,5491,日本金属
5525.T,5525,フロンティアホールディングス
5527.T,5527,ｐｒｏｐｅｒｔｙ　ｔｅｃｈｎｏｌｏｇｉｅｓ
5528.T,5528,フロンティアハウス
5531.T,5531,中山不動産
5532.T,5532,リアルゲイト
5533.T,5533,エリッツホールディングス
5534.T,5534,エンゼルグループ
5535.T,5535,ミガロホールディングス
5536.T,5536,京橋アートレジデンス
5537.T,5537,ＡｌｂａＬｉｎｋ
5541.T,5541,大平洋金属
5542.T,5542,新報国マテリアル
5563.T,5563,新日本電工
5570.T,5570,ジェノバ
5571.T,5571,エキサイトホールディングス
5572.T,5572,Ｒｉｄｇｅ－ｉ
5573.T,5573,働楽ホールディングス
5574.T,5574,ＡＢＥＪＡ
5575.T,5575,Ｇｌｏｂｅｅ
5576.T,5576,オービーシステム
5578.T,5578,ＡＲアドバンストテクノロジ
5580.T,5580,プロディライト
5581.T,5581,カイテクノロジー
5582.T,5582,グリッド
5584.T,5584,Ｓｔｒａｗｂｅｒｒｙ　ｊａｍｓ
5586.T,5586,Ｌａｂｏｒｏ．ＡＩ
5587.T,5587,インバウンドプラットフォーム
5588.T,5588,ファーストアカウンティング
5589.T,5589,オートサーバー
5590.T,5590,ネットスターズ
5591.T,5591,ＡＶＩＬＥＮ
5592.T,5592,くすりの窓口
5594.T,5594,エム・デー・ビー
5596.T,5596,アウトルックコンサルティング
5597.T,5597,ブルーイノベーション
5598.T,5598,Ｙｏｔｔａｖｉａｓ
5599.T,5599,Ｓ＆Ｊ
5602.T,5602,栗本鐵工所
5603.T,5603,虹技
5609.T,5609,日本鋳造
5612.T,5612,日本鋳鉄管
5616.T,5616,雨風太陽
5617.T,5617,ウィル・ドゥ
5618.T,5618,ナイル
5619.T,5619,マーソ
5620.T,5620,エスピーオー
5621.T,5621,ヒューマンテクノロジーズ
5622.T,5622,ワンビ
5631.T,5631,日本製鋼所
5632.T,5632,三菱製鋼
5644.T,5644,メタルアート
5658.T,5658,日亜鋼業
5659.T,5659,日本精線
5660.T,5660,神鋼鋼線工業
5695.T,5695,パウダーテック
5697.T,5697,サンユウ
5698.T,5698,エンビプロ・ホールディングス
5699.T,5699,イボキン
5702.T,5702,大紀アルミニウム工業所
5703.T,5703,日本軽金属ホールディングス
5704.T,5704,ＪＭＣ
5706.T,5706,三井金属
5707.T,5707,東邦亜鉛
5711.T,5711,三菱マテリアル
5713.T,5713,住友金属鉱山
5714.T,5714,ＤＯＷＡホールディングス
5715.T,5715,古河機械金属
5721.T,5721,エス・サイエンス
5724.T,5724,アサカ理研
5726.T,5726,大阪チタニウムテクノロジーズ
5727.T,5727,東邦チタニウム
5729.T,5729,日本精鉱
5741.T,5741,ＵＡＣＪ
5742.T,5742,エヌアイシ・オートテック
5753.T,5753,日本伸銅
5757.T,5757,ＣＫサンエツ
5801.T,5801,古河電気工業
5802.T,5802,住友電気工業
5803.T,5803,フジクラ
5805.T,5805,ＳＷＣＣ
5816.T,5816,オーナンバ
5817.T,5817,ＪＭＡＣＳ
5819.T,5819,カナレ電気
5820.T,5820,三ッ星
5821.T,5821,平河ヒューテック
5830.T,5830,いよぎんホールディングス
5831.T,5831,しずおかフィナンシャルグループ
5832.T,5832,ちゅうぎんフィナンシャルグループ
5834.T,5834,ＳＢＩリーシングサービス
5838.T,5838,楽天銀行
5840.T,5840,日本総険
5842.T,5842,インテグラル
5843.T,5843,ニッポンインシュア
5844.T,5844,京都フィナンシャルグループ
5845.T,5845,全保連
5851.T,5851,リョービ
5852.T,5852,アーレスティ
5856.T,5856,エルアイイーエイチ
5857.T,5857,ＡＲＥホールディングス
5858.T,5858,ＳＴＧ
5866.T,5866,ＷｉｚＢｉｚ
5867.T,5867,エスネットワークス
5868.T,5868,ロココ
5869.T,5869,早稲田学習研究会
5870.T,5870,ナルネットコミュニケーションズ
5871.T,5871,ＳＯＬＩＺＥ　Ｈｏｌｄｉｎｇｓ
5883.T,5883,ＧＴホールディングス
5884.T,5884,クラダシ
5885.T,5885,ジーデップ・アドバンス
5886.T,5886,ＯＯＫＡＢＥ　ＧＬＡＳＳ
5887.T,5887,光響
5888.T,5888,ＤＡＩＷＡ　ＣＹＣＬＥ
5889.T,5889,Ｊａｐａｎ　Ｅｙｅｗｅａｒ　Ｈｏｌｄｉｎｇｓ
5890.T,5890,オフィスバスターズ
5891.T,5891,魁力屋
5892.T,5892,ｙｕｔｏｒｉ
5893.T,5893,ＲＡＶＩＰＡ
5900.T,5900,ダイケン
5901.T,5901,東洋製罐グループホールディングス
5902.T,5902,ホッカンホールディングス
5903.T,5903,シンポ
5905.T,5905,日本製罐
5906.T,5906,エムケー精工
5909.T,5909,コロナ
5911.T,5911,横河ブリッジホールディングス
5915.T,5915,駒井ハルテック
5918.T,5918,瀧上工業
5921.T,5921,川岸工業
5922.T,5922,那須電機鉄工
5923.T,5923,高田機工
5928.T,5928,アルメタックス
5929.T,5929,三和ホールディングス
5930.T,5930,文化シヤッター
5932.T,5932,三協立山
5933.T,5933,アルインコ
5936.T,5936,東洋シヤッター
5938.T,5938,ＬＩＸＩＬ
5939.T,5939,大谷工業
5940.T,5940,不二サッシ
5941.T,5941,中西製作所
5942.T,5942,日本フイルコン
5943.T,5943,ノーリツ
5945.T,5945,天龍製鋸
5946.T,5946,長府製作所
5947.T,5947,リンナイ
5949.T,5949,ユニプレス
5950.T,5950,日本パワーファスニング
5951.T,5951,ダイニチ工業
5952.T,5952,アマテイ
5955.T,5955,ワイズホールディングス
5956.T,5956,トーソー
5957.T,5957,日東精工
5958.T,5958,三洋工業
5959.T,5959,岡部
5962.T,5962,浅香工業
5965.T,5965,フジマック
5966.T,5966,京都機械工具
5967.T,5967,ＴＯＮＥ
5969.T,5969,ロブテックス
5970.T,5970,ジーテクト
5971.T,5971,共和工業所
5973.T,5973,トーアミ
5974.T,5974,中国工業
5975.T,5975,東プレ
5976.T,5976,高周波熱錬
5981.T,5981,東京製綱
5982.T,5982,マルゼン
5983.T,5983,イワブチ
5984.T,5984,兼房
5985.T,5985,サンコール
5986.T,5986,モリテック　スチール
5987.T,5987,オーネックス
5988.T,5988,パイオラックス
5989.T,5989,エイチワン
5990.T,5990,スーパーツール
5991.T,5991,日本発條
5992.T,5992,中央発條
5994.T,5994,ファインシンター
5997.T,5997,協立エアテック
5998.T,5998,アドバネクス
6005.T,6005,三浦工業
6013.T,6013,タクマ
6016.T,6016,ジャパンエンジンコーポレーション
6018.T,6018,阪神内燃機工業
6022.T,6022,赤阪鐵工所
6023.T,6023,ダイハツインフィニアース
6027.T,6027,弁護士ドットコム
6028.T,6028,テクノプロ・ホールディングス
6029.T,6029,アトラグループ
6030.T,6030,アドベンチャー
6031.T,6031,ＺＥＴＡ
6033.T,6033,エクストリーム
6034.T,6034,ＭＲＴ
6035.T,6035,アイ・アールジャパンホールディングス
6036.T,6036,ＫｅｅＰｅｒ技研
6037.T,6037,楽待
6038.T,6038,イード
6039.T,6039,日本動物高度医療センター
6040.T,6040,日本スキー場開発
6042.T,6042,ニッキ
6044.T,6044,三機サービス
6045.T,6045,レントラックス
6046.T,6046,リンクバル
6047.T,6047,Ｇｕｎｏｓｙ
6049.T,6049,イトクロ
6050.T,6050,イー・ガーディアン
6054.T,6054,リブセンス
6055.T,6055,ジャパンマテリアル
6058.T,6058,ベクトル
6059.T,6059,ウチヤマホールディングス
6060.T,6060,こころネット
6061.T,6061,ユニバーサル園芸社
6062.T,6062,チャーム・ケア・コーポレーション
6063.T,6063,日本エマージェンシーアシスタンス
6069.T,6069,トレンダーズ
6070.T,6070,キャリアリンク
6071.T,6071,ＩＢＪ
6072.T,6072,地盤ネットホールディングス
6073.T,6073,アサンテ
6074.T,6074,ジェイエスエス
6078.T,6078,バリューＨＲ
6080.T,6080,Ｍ＆Ａキャピタルパートナーズ
6081.T,6081,アライドアーキテクツ
6082.T,6082,ライドオンエクスプレスホールディングス
6083.T,6083,ＥＲＩホールディングス
6085.T,6085,アーキテクツ・スタジオ・ジャパン
6086.T,6086,シンメンテホールディングス
6087.T,6087,アビスト
6088.T,6088,シグマクシス・ホールディングス
6089.T,6089,ウィルグループ
6090.T,6090,ヒューマン・メタボローム・テクノロジーズ
6091.T,6091,ウエスコホールディングス
6092.T,6092,エンバイオ・ホールディングス
6093.T,6093,エスクロー・エージェント・ジャパン
6094.T,6094,フリークアウト・ホールディングス
6096.T,6096,レアジョブ
6098.T,6098,リクルートホールディングス
6099.T,6099,エラン
6101.T,6101,ツガミ
6103.T,6103,オークマ
6104.T,6104,芝浦機械
6113.T,6113,アマダ
6118.T,6118,アイダエンジニアリング
6125.T,6125,岡本工作機械製作所
6134.T,6134,ＦＵＪＩ
6135.T,6135,牧野フライス製作所
6136.T,6136,オーエスジー
6137.T,6137,小池酸素工業
6138.T,6138,ダイジェット工業
6140.T,6140,旭ダイヤモンド工業
6141.T,6141,ＤＭＧ森精機
6143.T,6143,ソディック
6144.T,6144,西部電機
6145.T,6145,ＮＩＴＴＯＫＵ
6146.T,6146,ディスコ
6147.T,6147,ヤマザキ
6149.T,6149,小田原エンジニアリング
6150.T,6150,タケダ機械
6151.T,6151,日東工器
6155.T,6155,高松機械工業
6156.T,6156,エーワン精密
6157.T,6157,日進工具
6158.T,6158,和井田製作所
6159.T,6159,ミクロン精密
6161.T,6161,エスティック
6165.T,6165,パンチ工業
6166.T,6166,中村超硬
6167.T,6167,冨士ダイス
6168.T,6168,ＯＮＥ　ＧＲＯＵＰ
6171.T,6171,土木管理総合試験所
6173.T,6173,アクアライン
6174.T,6174,デンタス
6176.T,6176,ブランジスタ
6177.T,6177,ＡｐｐＢａｎｋ
6178.T,6178,日本郵政
6180.T,6180,ＧＭＯメディア
6181.T,6181,タメニー
6182.T,6182,メタリアル
6183.T,6183,ベルシステム２４ホールディングス
6184.T,6184,鎌倉新書
6185.T,6185,ＳＭＮ
6186.T,6186,一蔵
6189.T,6189,グローバルキッズＣＯＭＰＡＮＹ
6190.T,6190,フェニックスバイオ
6191.T,6191,エアトリ
6193.T,6193,バーチャレクス・ホールディングス
6194.T,6194,アトラエ
6195.T,6195,ホープ
6196.T,6196,ストライク
6197.T,6197,ソラスト
6198.T,6198,キャリア
6199.T,6199,セラク
6200.T,6200,インソース
6201.T,6201,豊田自動織機
6203.T,6203,豊和工業
6208.T,6208,石川製作所
6209.T,6209,リケンＮＰＲ
6210.T,6210,ＴＯＹＯイノベックス
6217.T,6217,津田駒工業
6218.T,6218,エンシュウ
6222.T,6222,島精機製作所
6223.T,6223,西部技研
6224.T,6224,ＪＲＣ
6226.T,6226,守谷輸送機工業
6227.T,6227,ＡＩメカテック
6228.T,6228,ジェイ・イー・ティ
6229.T,6229,オーケーエム
6230.T,6230,ＳＡＮＥＩ
6231.T,6231,木村工機
6232.T,6232,ＡＣＳＬ
6233.T,6233,ＫＬＡＳＳ
6235.T,6235,オプトラン
6237.T,6237,イワキポンプ
6238.T,6238,フリュー
6239.T,6239,ナガオカ
6240.T,6240,ヤマシンフィルタ
6245.T,6245,ヒラノテクシード
6246.T,6246,テクノスマート
6247.T,6247,日阪製作所
6248.T,6248,横田製作所
6249.T,6249,ゲームカードホールディングス
6250.T,6250,やまびこ
6254.T,6254,野村マイクロ・サイエンス
6255.T,6255,エヌ・ピー・シー
6257.T,6257,藤商事
6258.T,6258,平田機工
6262.T,6262,ＰＥＧＡＳＵＳ
6264.T,6264,マルマエ
6265.T,6265,コンバム
6266.T,6266,タツモ
6267.T,6267,ゼネラルパッカー
6268.T,6268,ナブテスコ
6269.T,6269,三井海洋開発
6272.T,6272,レオン自動機
6273.T,6273,ＳＭＣ
6276.T,6276,シリウスビジョン
6277.T,6277,ホソカワミクロン
6278.T,6278,ユニオンツール
6279.T,6279,瑞光
6282.T,6282,オイレス工業
6284.T,6284,日精エー・エス・ビー機械
6286.T,6286,靜甲
6287.T,6287,サトー
6289.T,6289,技研製作所
6291.T,6291,日本エアーテック
6292.T,6292,カワタ
6293.T,6293,日精樹脂工業
6294.T,6294,オカダアイヨン
6298.T,6298,ワイエイシイホールディングス
6301.T,6301,小松製作所
6302.T,6302,住友重機械工業
6305.T,6305,日立建機
6306.T,6306,日工
6307.T,6307,サンセイ
6309.T,6309,巴工業
6310.T,6310,井関農機
6312.T,6312,フロイント産業
6315.T,6315,ＴＯＷＡ
6316.T,6316,丸山製作所
6317.T,6317,北川鉄工所
6322.T,6322,タクミナ
6323.T,6323,ローツェ
6324.T,6324,ハーモニック・ドライブ・システムズ
6325.T,6325,タカキタ
6326.T,6326,クボタ
6327.T,6327,北川精機
6328.T,6328,荏原実業
6330.T,6330,東洋エンジニアリング
6331.T,6331,三菱化工機
6332.T,6332,月島ホールディングス
6333.T,6333,帝国電機製作所
6334.T,6334,明治機械
6335.T,6335,東京機械製作所
6336.T,6336,石井表記
6337.T,6337,テセック
6338.T,6338,タカトリ
6339.T,6339,新東工業
6340.T,6340,澁谷工業
6342.T,6342,太平製作所
6343.T,6343,フリージア・マクロス
6345.T,6345,アイチ　コーポレーション
6346.T,6346,キクカワエンタープライズ
6347.T,6347,プラコー
6349.T,6349,小森コーポレーション
6351.T,6351,鶴見製作所
6356.T,6356,日本ギア工業
6357.T,6357,三精テクノロジーズ
6358.T,6358,酒井重工業
6360.T,6360,東京自働機械製作所
6361.T,6361,荏原製作所
6363.T,6363,酉島製作所
6364.T,6364,ＡＩＲＭＡＮ
6365.T,6365,電業社機械製作所
6366.T,6366,千代田化工建設
6367.T,6367,ダイキン工業
6368.T,6368,オルガノ
6369.T,6369,トーヨーカネツ
6370.T,6370,栗田工業
6371.T,6371,椿本チエイン
6373.T,6373,大同工業
6376.T,6376,日機装
6378.T,6378,木村化工機
6379.T,6379,レイズネクスト
6380.T,6380,オリエンタルチエン工業
6381.T,6381,アネスト岩田
6382.T,6382,トリニティ工業
6383.T,6383,ダイフク
6384.T,6384,昭和真空
6387.T,6387,サムコ
6390.T,6390,加藤製作所
6391.T,6391,加地テック
6392.T,6392,ヤマダコーポレーション
6393.T,6393,油研工業
6395.T,6395,タダノ
6396.T,6396,宇野澤組鐵工所
6400.T,6400,不二精機
6402.T,6402,兼松エンジニアリング
6403.T,6403,水道機工
6405.T,6405,鈴茂器工
6406.T,6406,フジテック
6407.T,6407,ＣＫＤ
6408.T,6408,小倉クラッチ
6412.T,6412,平和
6413.T,6413,理想科学工業
6417.T,6417,ＳＡＮＫＹＯ
6418.T,6418,日本金銭機械
6419.T,6419,マースグループホールディングス
6420.T,6420,ガリレイ
6424.T,6424,高見沢サイバネティックス
6425.T,6425,ユニバーサルエンターテインメント
6428.T,6428,オーイズミ
6430.T,6430,ダイコク電機
6432.T,6432,竹内製作所
6433.T,6433,ヒーハイスト
6436.T,6436,アマノ
6440.T,6440,ＪＵＫＩ
6444.T,6444,サンデン
6445.T,6445,ジャノメ
6448.T,6448,ブラザー工業
6454.T,6454,マックス
6455.T,6455,モリタホールディングス
6457.T,6457,グローリー
6458.T,6458,新晃工業
6459.T,6459,大和冷機工業
6460.T,6460,セガサミーホールディングス
6463.T,6463,ＴＰＲ
6464.T,6464,ツバキ・ナカシマ
6465.T,6465,ホシザキ
6466.T,6466,ＴＶＥ
6467.T,6467,ニチダイ
6469.T,6469,放電精密加工研究所
6470.T,6470,大豊工業
6471.T,6471,日本精工
6472.T,6472,ＮＴＮ
6473.T,6473,ジェイテクト
6474.T,6474,不二越
6479.T,6479,ミネベアミツミ
6480.T,6480,日本トムソン
6481.T,6481,ＴＨＫ
6482.T,6482,ＹＵＳＨＩＮ
6484.T,6484,ＫＶＫ
6485.T,6485,前澤給装工業
6486.T,6486,イーグル工業
6488.T,6488,ヨシタケ
6489.T,6489,前澤工業
6490.T,6490,ＰＩＬＬＡＲ
6492.T,6492,岡野バルブ製造
6493.T,6493,ＮＩＴＴＡＮ
6494.T,6494,ＮＦＫホールディングス
6495.T,6495,宮入バルブ製作所
6496.T,6496,中北製作所
6497.T,6497,ハマイ
6498.T,6498,キッツ
6501.T,6501,日立製作所
6503.T,6503,三菱電機
6504.T,6504,富士電機
6505.T,6505,東洋電機製造
6506.T,6506,安川電機
6507.T,6507,シンフォニアテクノロジー
6508.T,6508,明電舎
6513.T,6513,オリジン
6516.T,6516,山洋電気
6517.T,6517,デンヨー
6518.T,6518,三相電機
6521.T,6521,オキサイド
6522.T,6522,アスタリスク
6523.T,6523,ＰＨＣホールディングス
6524.T,6524,湖北工業
6525.T,6525,ＫＯＫＵＳＡＩ　ＥＬＥＣＴＲＩＣ
6526.T,6526,ソシオネクスト
6527.T,6527,ワカ製作所
6532.T,6532,ベイカレント
6533.T,6533,Ｏｒｃｈｅｓｔｒａ　Ｈｏｌｄｉｎｇｓ
6535.T,6535,アイモバイル
6537.T,6537,ＷＡＳＨハウス
6538.T,6538,ディスラプターズ
6539.T,6539,ＭＳ－Ｊａｐａｎ
6540.T,6540,船場
6542.T,6542,ＦＣホールディングス
6543.T,6543,日宣
6544.T,6544,ジャパンエレベーターサービスホールディングス
6545.T,6545,インターネットインフィニティー
6546.T,6546,フルテック
6547.T,6547,グリーンズ
6548.T,6548,旅工房
6549.T,6549,ディーエムソリューションズ
6551.T,6551,ツナググループ・ホールディングス
6552.T,6552,ＧａｍｅＷｉｔｈ
6554.T,6554,エスユーエス
6555.T,6555,ＭＳ＆Ｃｏｎｓｕｌｔｉｎｇ
6557.T,6557,ＡＩＡＩグループ
6558.T,6558,クックビズ
6560.T,6560,エル・ティー・エス
6561.T,6561,ＨＡＮＡＴＯＵＲ　ＪＡＰＡＮ
6562.T,6562,ジーニー
6563.T,6563,みらいワークス
6564.T,6564,ミダックホールディングス
6565.T,6565,ＡＢホテル
6566.T,6566,要興業
6568.T,6568,神戸天然物化学
6570.T,6570,共和コーポレーション
6571.T,6571,キュービーネットホールディングス
6572.T,6572,オープングループ
6573.T,6573,アジャイルメディア・ネットワーク
6574.T,6574,コンヴァノ
6576.T,6576,揚工舎
6577.T,6577,ベストワンドットコム
6578.T,6578,コレックホールディングス
6579.T,6579,ログリー
6580.T,6580,ライトアップ
6584.T,6584,三櫻工業
6586.T,6586,マキタ
6588.T,6588,東芝テック
6590.T,6590,芝浦メカトロニクス
6592.T,6592,マブチモーター
6594.T,6594,ニデック
6596.T,6596,筑波精工
6597.T,6597,ＨＰＣシステムズ
6599.T,6599,エブレン
6612.T,6612,バルミューダ
6613.T,6613,ＱＤレーザ
6614.T,6614,シキノハイテック
6615.T,6615,ユー・エム・シー・エレクトロニクス
6616.T,6616,トレックス・セミコンダクター
6617.T,6617,東光高岳
6619.T,6619,ダブル・スコープ
6620.T,6620,宮越ホールディングス
6622.T,6622,ダイヘン
6625.T,6625,ＪＡＬＣＯホールディングス
6626.T,6626,ＳＥＭＩＴＥＣ
6627.T,6627,テラプローブ
6629.T,6629,テクノホライゾン
6630.T,6630,ヤーマン
6632.T,6632,ＪＶＣケンウッド
6633.T,6633,ＣＧＳホールディングス
6634.T,6634,ネクスグループ
6635.T,6635,大日光・エンジニアリング
6637.T,6637,寺崎電気産業
6638.T,6638,ミマキエンジニアリング
6643.T,6643,戸上電機製作所
6644.T,6644,大崎電気工業
6645.T,6645,オムロン
6647.T,6647,森尾電機
6648.T,6648,かわでん
6651.T,6651,日東工業
6652.T,6652,ＩＤＥＣ
6653.T,6653,正興電機製作所
6654.T,6654,不二電機工業
6656.T,6656,インスペック
6658.T,6658,シライ電子工業
6659.T,6659,メディアリンクス
6662.T,6662,ユビテック
6663.T,6663,太洋テクノレックス
6664.T,6664,オプトエレクトロニクス
6666.T,6666,リバーエレテック
6668.T,6668,アドテック　プラズマ　テクノロジー
6670.T,6670,ＭＣＪ
6674.T,6674,ジーエス・ユアサ　コーポレーション
6675.T,6675,サクサ
6676.T,6676,ＢＵＦＦＡＬＯ
6677.T,6677,エスケーエレクトロニクス
6678.T,6678,テクノメディカ
6694.T,6694,ズーム
6695.T,6695,キャストリコ
6696.T,6696,トラース・オン・プロダクト
6699.T,6699,ダイヤモンドエレクトリックホールディングス
6701.T,6701,日本電気
6702.T,6702,富士通
6703.T,6703,沖電気工業
6706.T,6706,電気興業
6707.T,6707,サンケン電気
6718.T,6718,アイホン
6721.T,6721,ウインテスト
6723.T,6723,ルネサスエレクトロニクス
6724.T,6724,セイコーエプソン
6727.T,6727,ワコム
6728.T,6728,アルバック
6730.T,6730,アクセル
6731.T,6731,ピクセラ
6734.T,6734,ニューテック
6736.T,6736,サン電子
6737.T,6737,ＥＩＺＯ
6740.T,6740,ジャパンディスプレイ
6741.T,6741,日本信号
6742.T,6742,京三製作所
6743.T,6743,大同信号
6744.T,6744,能美防災
6745.T,6745,ホーチキ
6748.T,6748,星和電機
6750.T,6750,エレコム
6752.T,6752,パナソニック　ホールディングス
6753.T,6753,シャープ
6754.T,6754,アンリツ
6757.T,6757,ＯＳＧコーポレーション
6758.T,6758,ソニーグループ
6762.T,6762,ＴＤＫ
6763.T,6763,帝国通信工業
6768.T,6768,タムラ製作所
6769.T,6769,ザインエレクトロニクス
6770.T,6770,アルプスアルパイン
6771.T,6771,池上通信機
6772.T,6772,東京コスモス電機
6775.T,6775,ＴＢグループ
6776.T,6776,天昇電気工業
6777.T,6777,ｓａｎｔｅｃ　Ｈｏｌｄｉｎｇｓ
6778.T,6778,アルチザネットワークス
6779.T,6779,日本電波工業
6785.T,6785,鈴木
6786.T,6786,ＲＶＨ
6787.T,6787,メイコー
6788.T,6788,日本トリム
6794.T,6794,フォスター電機
6797.T,6797,名古屋電機工業
6798.T,6798,ＳＭＫ
6800.T,6800,ヨコオ
6803.T,6803,ティアック
6804.T,6804,ホシデン
6806.T,6806,ヒロセ電機
6807.T,6807,日本航空電子工業
6809.T,6809,ＴＯＡ
6810.T,6810,マクセル
6814.T,6814,古野電気
6817.T,6817,スミダコーポレーション
6819.T,6819,伊豆シャボテンリゾート
6820.T,6820,アイコム
6822.T,6822,大井電気
6823.T,6823,リオン
6824.T,6824,新コスモス電機
6832.T,6832,アオイ電子
6834.T,6834,精工技研
6835.T,6835,アライドテレシスホールディングス
6836.T,6836,ぷらっとホーム
6837.T,6837,京写
6838.T,6838,多摩川ホールディングス
6840.T,6840,ＡＫＩＢＡホールディングス
6841.T,6841,横河電機
6844.T,6844,新電元工業
6845.T,6845,アズビル
6848.T,6848,東亜ディーケーケー
6849.T,6849,日本光電工業
6850.T,6850,チノー
6853.T,6853,共和電業
6855.T,6855,日本電子材料
6856.T,6856,堀場製作所
6857.T,6857,アドバンテスト
6858.T,6858,小野測器
6859.T,6859,エスペック
6861.T,6861,キーエンス
6862.T,6862,ミナトホールディングス
6863.T,6863,ニレコ
6864.T,6864,エヌエフホールディングス
6866.T,6866,日置電機
6867.T,6867,リーダー電子
6869.T,6869,シスメックス
6870.T,6870,日本フェンオール
6871.T,6871,日本マイクロニクス
6874.T,6874,協立電機
6875.T,6875,メガチップス
6877.T,6877,ＯＢＡＲＡ　ＧＲＯＵＰ
6882.T,6882,三社電機製作所
6888.T,6888,アクモス
6890.T,6890,フェローテック
6894.T,6894,パルステック工業
6897.T,6897,ツインバード
6898.T,6898,トミタ電機
6899.T,6899,ＡＳＴＩ
6901.T,6901,澤藤電機
6902.T,6902,デンソー
6904.T,6904,原田工業
6905.T,6905,コーセル
6907.T,6907,ジオマテック
6908.T,6908,イリソ電子工業
6912.T,6912,菊水ホールディングス
6914.T,6914,オプテックスグループ
6915.T,6915,千代田インテグレ
6918.T,6918,アバールデータ
6919.T,6919,ケル
6920.T,6920,レーザーテック
6923.T,6923,スタンレー電気
6925.T,6925,ウシオ電機
6926.T,6926,岡谷電機産業
6927.T,6927,ヘリオス　テクノ　ホールディング
6928.T,6928,エノモト
6929.T,6929,日本セラミック
6932.T,6932,遠藤照明
6937.T,6937,古河電池
6941.T,6941,山一電機
6942.T,6942,ソフィアホールディングス
6943.T,6943,ＮＫＫスイッチズ
6946.T,6946,日本アビオニクス
6947.T,6947,図研
6951.T,6951,日本電子
6952.T,6952,カシオ計算機
6954.T,6954,ファナック
6955.T,6955,ＦＤＫ
6957.T,6957,芝浦電子
6958.T,6958,日本シイエムケイ
6960.T,6960,フクダ電子
6961.T,6961,エンプラス
6962.T,6962,大真空
6963.T,6963,ローム
6964.T,6964,サンコー
6965.T,6965,浜松ホトニクス
6966.T,6966,三井ハイテック
6969.T,6969,松尾電機
6971.T,6971,京セラ
6976.T,6976,太陽誘電
6977.T,6977,日本抵抗器製作所
6981.T,6981,村田製作所
6982.T,6982,リード
6986.T,6986,双葉電子工業
6988.T,6988,日東電工
6989.T,6989,北陸電気工業
6993.T,6993,大黒屋ホールディングス
6994.T,6994,指月電機製作所
6995.T,6995,東海理化電機製作所
6996.T,6996,ニチコン
6997.T,6997,日本ケミコン
6998.T,6998,日本タングステン
6999.T,6999,ＫＯＡ
7003.T,7003,三井Ｅ＆Ｓ
7004.T,7004,カナデビア
7011.T,7011,三菱重工業
7012.T,7012,川崎重工業
7013.T,7013,ＩＨＩ
7014.T,7014,名村造船所
7018.T,7018,内海造船
7021.T,7021,ニッチツ
7022.T,7022,サノヤスホールディングス
7030.T,7030,スプリックス
7031.T,7031,インバウンドテック
7033.T,7033,マネジメントソリューションズ
7034.T,7034,プロレド・パートナーズ
7035.T,7035,ａｎｄ　ｆａｃｔｏｒｙ
7036.T,7036,イーエムネットジャパン
7037.T,7037,テノ．ホールディングス
7038.T,7038,フロンティア・マネジメント
7039.T,7039,ブリッジインターナショナルグループ
7040.T,7040,サン・ライフホールディング
7041.T,7041,ＣＲＧホールディングス
7042.T,7042,アクセスグループ・ホールディングス
7043.T,7043,アルー
7044.T,7044,ピアラ
7046.T,7046,ＴＤＳＥ
7047.T,7047,ポート
7048.T,7048,ベルトラ
7049.T,7049,識学
7050.T,7050,フロンティアインターナショナル
7056.T,7056,マルク
7057.T,7057,エヌ・シー・エヌ
7058.T,7058,共栄セキュリティーサービス
7059.T,7059,コプロ・ホールディングス
7060.T,7060,ギークス
7061.T,7061,日本ホスピスホールディングス
7062.T,7062,フレアス
7063.T,7063,Ｂｉｒｄｍａｎ
7064.T,7064,ハウテレビジョン
7065.T,7065,ユーピーアール
7066.T,7066,ピアズ
7067.T,7067,ブランディングテクノロジー
7068.T,7068,フィードフォースグループ
7069.T,7069,サイバー・バズ
7071.T,7071,アンビスホールディングス
7072.T,7072,インティメート・マージャー
7073.T,7073,ジェイック
7074.T,7074,トゥエンティーフォーセブンホールディングス
7075.T,7075,ＱＬＳホールディングス
7077.T,7077,ＡＬｉＮＫインターネット
7078.T,7078,ＩＮＣＬＵＳＩＶＥ　Ｈｏｌｄｉｎｇｓ
7079.T,7079,ＷＤＢココ
7080.T,7080,スポーツフィールド
7081.T,7081,コーユーレンティア
7082.T,7082,ジモティー
7083.T,7083,ＡＨＣグループ
7084.T,7084,Ｓｍｉｌｅ　Ｈｏｌｄｉｎｇｓ
7085.T,7085,カーブスホールディングス
7087.T,7087,ウイルテック
7088.T,7088,フォーラムエンジニアリング
7089.T,7089,フォースタートアップス
7090.T,7090,リグア
7091.T,7091,リビングプラットフォーム
7092.T,7092,Ｆａｓｔ　Ｆｉｔｎｅｓｓ　Ｊａｐａｎ
7093.T,7093,アディッシュ
7094.T,7094,ＮｅｘＴｏｎｅ
7095.T,7095,Ｍａｃｂｅｅ　Ｐｌａｎｅｔ
7096.T,7096,ステムセル研究所
7097.T,7097,さくらさくプラス
7098.T,7098,エージェント
7102.T,7102,日本車輌製造
7105.T,7105,三菱ロジスネクスト
7110.T,7110,クラシコム
7111.T,7111,ＩＮＥＳＴ
7112.T,7112,キューブ
7114.T,7114,フーディソン
7115.T,7115,アルファパーチェス
7116.T,7116,ダイワ通信
7119.T,7119,ハルメクホールディングス
7120.T,7120,ＳＨＩＮＫＯ
7122.T,7122,近畿車輛
7126.T,7126,グローバルスタイル
7127.T,7127,一家ホールディングス
7128.T,7128,フルサト・マルカホールディングス
7129.T,7129,ミアヘルサホールディングス
7130.T,7130,ヤマエグループホールディングス
7131.T,7131,のむら産業
7132.T,7132,フローバル
7133.T,7133,ＨＹＵＧＡ　ＰＲＩＭＡＲＹ　ＣＡＲＥ
7134.T,7134,アップガレージグループ
7135.T,7135,ジャパンクラフトホールディングス
7136.T,7136,ウェルビングループ
7137.T,7137,グラントマト
7138.T,7138,ＴＯＲＩＣＯ
7139.T,7139,東京高圧山崎
7140.T,7140,ペットゴー
7148.T,7148,ＦＰＧ
7150.T,7150,島根銀行
7157.T,7157,ライフネット生命保険
7161.T,7161,じもとホールディングス
7162.T,7162,アストマックス
7164.T,7164,全国保証
7167.T,7167,めぶきフィナンシャルグループ
7170.T,7170,中央インターナショナルグループ
7172.T,7172,ジャパンインベストメントアドバイザー
7173.T,7173,東京きらぼしフィナンシャルグループ
7175.T,7175,今村証券
7176.T,7176,シンプレクス・ファイナンシャル・ホールディングス
7177.T,7177,ＧＭＯフィナンシャルホールディングス
7180.T,7180,九州フィナンシャルグループ
7181.T,7181,かんぽ生命保険
7182.T,7182,ゆうちょ銀行
7183.T,7183,あんしん保証
7184.T,7184,富山第一銀行
7185.T,7185,ヒロセ通商
7186.T,7186,横浜フィナンシャルグループ
7187.T,7187,ジェイリース
7189.T,7189,西日本フィナンシャルホールディングス
7191.T,7191,イントラスト
7192.T,7192,日本モーゲージサービス
7196.T,7196,Ｃａｓａ
7198.T,7198,ＳＢＩアルヒ
7199.T,7199,プレミアグループ
7201.T,7201,日産自動車
7202.T,7202,いすゞ自動車
7203.T,7203,トヨタ自動車
7205.T,7205,日野自動車
7208.T,7208,カネミツ
7211.T,7211,三菱自動車工業
7212.T,7212,エフテック
7213.T,7213,レシップホールディングス
7214.T,7214,ＧＭＢ
7215.T,7215,ファルテック
7217.T,7217,テイン
7218.T,7218,田中精密工業
7219.T,7219,エッチ・ケー・エス
7220.T,7220,武蔵精密工業
7222.T,7222,日産車体
7224.T,7224,新明和工業
7226.T,7226,極東開発工業
7228.T,7228,デイトナ
7229.T,7229,ユタカ技研
7231.T,7231,トピー工業
7235.T,7235,東京ラヂエーター製造
7236.T,7236,ティラド
7238.T,7238,曙ブレーキ工業
7239.T,7239,タチエス
7240.T,7240,ＮＯＫ
7241.T,7241,フタバ産業
7242.T,7242,カヤバ
7244.T,7244,市光工業
7245.T,7245,大同メタル工業
7246.T,7246,プレス工業
7247.T,7247,ミクニ
7250.T,7250,太平洋工業
7254.T,7254,ユニバンス
7255.T,7255,桜井製作所
7256.T,7256,河西工業
7259.T,7259,アイシン
7261.T,7261,マツダ
7264.T,7264,ムロコーポレーション
7265.T,7265,エイケン工業
7266.T,7266,今仙電機製作所
7267.T,7267,本田技研工業
7269.T,7269,スズキ
7270.T,7270,ＳＵＢＡＲＵ
7271.T,7271,安永
7272.T,7272,ヤマハ発動機
7273.T,7273,イクヨ
7276.T,7276,小糸製作所
7277.T,7277,ＴＢＫ
7278.T,7278,エクセディ
7279.T,7279,ハイレックスコーポレーション
7280.T,7280,ミツバ
7282.T,7282,豊田合成
7283.T,7283,愛三工業
7284.T,7284,盟和産業
7287.T,7287,日本精機
7291.T,7291,日本プラスト
7292.T,7292,村上開明堂
7294.T,7294,ヨロズ
7296.T,7296,エフ・シー・シー
7297.T,7297,カーメイト
7299.T,7299,フジオーゼックス
7305.T,7305,新家工業
7309.T,7309,シマノ
7313.T,7313,テイ・エス　テック
7314.T,7314,小田原機器
7317.T,7317,松屋アールアンドディ
7318.T,7318,セレンディップ・ホールディングス
7320.T,7320,Ｓｏｌｖｖｙ
7322.T,7322,三十三フィナンシャルグループ
7325.T,7325,アイリックコーポレーション
7326.T,7326,ＳＢＩインシュアランスグループ
7327.T,7327,第四北越フィナンシャルグループ
7337.T,7337,ひろぎんホールディングス
7343.T,7343,ブロードマインド
7345.T,7345,アイ・パートナーズフィナンシャル
7347.T,7347,マーキュリアホールディングス
7350.T,7350,おきなわフィナンシャルグループ
7351.T,7351,グッドパッチ
7352.T,7352,ＴＷＯＳＴＯＮＥ＆Ｓｏｎｓ
7353.T,7353,ＫＩＹＯラーニング
7354.T,7354,ダイレクトマーケティングミックス
7355.T,7355,一寸房
7356.T,7356,Ｒｅｔｔｙ
7357.T,7357,ジオコード
7358.T,7358,ポピンズ
7359.T,7359,東京通信グループ
7360.T,7360,オンデック
7361.T,7361,ヒューマンクリエイションホールディングス
7362.T,7362,Ｔ．Ｓ．Ｉ
7363.T,7363,ベビーカレンダー
7364.T,7364,琉球アスティーダスポーツクラブ
7366.T,7366,ＬＩＴＡＬＩＣＯ
7367.T,7367,セルム
7368.T,7368,表示灯
7369.T,7369,メイホーホールディングス
7370.T,7370,Ｅｎｊｉｎ
7371.T,7371,Ｚｅｎｋｅｎ
7372.T,7372,デコルテ・ホールディングス
7373.T,7373,アイドマ・ホールディングス
7374.T,7374,コンフィデンス・インターワークス
7375.T,7375,リファインバースグループ
7376.T,7376,ＢＣＣ
7377.T,7377,ＤＮホールディングス
7378.T,7378,アシロ
7380.T,7380,十六フィナンシャルグループ
7381.T,7381,ＣＣＩグループ
7383.T,7383,ネットプロテクションズホールディングス
7384.T,7384,プロクレアホールディングス
7388.T,7388,ＦＰパートナー
7389.T,7389,あいちフィナンシャルグループ
7399.T,7399,ナンシン
7409.T,7409,ＡｅｒｏＥｄｇｅ
7412.T,7412,アトム
7413.T,7413,創健社
7414.T,7414,小野建
7416.T,7416,はるやまホールディングス
7417.T,7417,南陽
7419.T,7419,ノジマ
7420.T,7420,佐鳥電機
7421.T,7421,カッパ・クリエイト
7422.T,7422,東邦レマック
7425.T,7425,初穂商事
7426.T,7426,山大
7427.T,7427,エコートレーディング
7433.T,7433,伯東
7434.T,7434,オータケ
7435.T,7435,ナ・デックス
7438.T,7438,コンドーテック
7442.T,7442,中山福
7443.T,7443,横浜魚類
7444.T,7444,ハリマ共和物産
7445.T,7445,ライトオン
7446.T,7446,東北化学薬品
7447.T,7447,ナガイレーベン
7450.T,7450,サンデー
7453.T,7453,良品計画
7455.T,7455,パリミキホールディングス
7456.T,7456,松田産業
7458.T,7458,第一興商
7459.T,7459,メディパルホールディングス
7460.T,7460,ヤギ
7461.T,7461,キムラ
7462.T,7462,ＣＡＰＩＴＡ
7463.T,7463,アドヴァングループ
7464.T,7464,セフテック
7466.T,7466,ＳＰＫ
7467.T,7467,萩原電気ホールディングス
7472.T,7472,鳥羽洋行
7475.T,7475,アルビス
7476.T,7476,アズワン
7477.T,7477,ムラキ
7480.T,7480,スズデン
7481.T,7481,尾家産業
7482.T,7482,シモジマ
7483.T,7483,ドウシシャ
7486.T,7486,サンリン
7487.T,7487,小津産業
7490.T,7490,日新商事
7494.T,7494,コナカ
7500.T,7500,西川計測
7501.T,7501,ティムコ
7502.T,7502,プラザホールディングス
7504.T,7504,高速
7505.T,7505,扶桑電通
7506.T,7506,ハウス　オブ　ローゼ
7508.T,7508,Ｇ‐７ホールディングス
7509.T,7509,アイエーグループ
7510.T,7510,たけびし
7512.T,7512,イオン北海道
7513.T,7513,コジマ
7514.T,7514,ヒマラヤ
7515.T,7515,マルヨシセンター
7516.T,7516,コーナン商事
7520.T,7520,エコス
7521.T,7521,ムサシ
7522.T,7522,ワタミ
7523.T,7523,アールビバン
7524.T,7524,マルシェ
7525.T,7525,リックス
7527.T,7527,システムソフト
7531.T,7531,清和中央ホールディングス
7532.T,7532,パン・パシフィック・インターナショナルホールディングス
7537.T,7537,丸文
7538.T,7538,大水
7539.T,7539,アイナボホールディングス
7544.T,7544,スリーエフ
7545.T,7545,西松屋チェーン
7550.T,7550,ゼンショーホールディングス
7551.T,7551,ウェッズ
7552.T,7552,ハピネット
7554.T,7554,幸楽苑
7555.T,7555,大田花き
7561.T,7561,ハークスレイ
7562.T,7562,安楽亭
7564.T,7564,ワークマン
7565.T,7565,萬世電機
7567.T,7567,栄電子
7570.T,7570,橋本総業ホールディングス
7571.T,7571,ヤマノホールディングス
7575.T,7575,日本ライフライン
7578.T,7578,ニチリョク
7581.T,7581,サイゼリヤ
7585.T,7585,かんなん丸
7590.T,7590,タカショー
7593.T,7593,ＶＴホールディングス
7595.T,7595,アルゴグラフィックス
7596.T,7596,魚力
7599.T,7599,ＩＤＯＭ
7600.T,7600,日本エム・ディ・エム
7601.T,7601,ポプラ
7602.T,7602,レダックス
7603.T,7603,ジーイエット
7604.T,7604,梅の花グループ
7606.T,7606,ユナイテッドアローズ
7607.T,7607,進和
7608.T,7608,エスケイジャパン
7609.T,7609,ダイトロン
7610.T,7610,テイツー
7611.T,7611,ハイデイ日高
7613.T,7613,シークス
7614.T,7614,オーエムツーネットワーク
7615.T,7615,京都きもの友禅ホールディングス
7616.T,7616,コロワイド
7619.T,7619,田中商事
7621.T,7621,うかい
7624.T,7624,ＮａＩＴＯ
7625.T,7625,グローバルダイニング
7628.T,7628,オーハシテクニカ
7630.T,7630,壱番屋
7634.T,7634,星医療酸器
7635.T,7635,杉田エース
7636.T,7636,ハンズマン
7637.T,7637,白銅
7638.T,7638,ＮＥＷ　ＡＲＴ　ＨＯＬＤＩＮＧＳ
7640.T,7640,トップカルチャー
7643.T,7643,ダイイチ
7646.T,7646,ＰＬＡＮＴ
7649.T,7649,スギホールディングス
7670.T,7670,オーウエル
7673.T,7673,ダイコー通産
7674.T,7674,ＮＡＴＴＹ　ＳＷＡＮＫＹホールディングス
7677.T,7677,ヤシマキザイ
7678.T,7678,あさくま
7679.T,7679,薬王堂ホールディングス
7680.T,7680,軽自動車館
7681.T,7681,レオクラン
7682.T,7682,浜木綿
7683.T,7683,ダブルエー
7685.T,7685,ＢｕｙＳｅｌｌ　Ｔｅｃｈｎｏｌｏｇｉｅｓ
7686.T,7686,ひとまいる
7687.T,7687,ミクリード
7689.T,7689,コパ・コーポレーション
7690.T,7690,カレント自動車
7691.T,7691,Ｃ　Ｃｈａｎｎｅｌ
7692.T,7692,アースインフィニティ
7693.T,7693,北海道歯科産業
7694.T,7694,いつも
7695.T,7695,交換できるくん
7698.T,7698,アイスコ
7699.T,7699,オムニ・プラス・システム・リミテッド　ＪＤＲ
7701.T,7701,島津製作所
7702.T,7702,ＪＭＳ
7707.T,7707,プレシジョン・システム・サイエンス
7709.T,7709,クボテック
7711.T,7711,助川電気工業
7713.T,7713,シグマ光機
7715.T,7715,長野計器
7716.T,7716,ナカニシ
7717.T,7717,ブイ・テクノロジー
7718.T,7718,スター精密
7719.T,7719,東京衡機
7721.T,7721,東京計器
7722.T,7722,国際計測器
7723.T,7723,愛知時計電機
7725.T,7725,インターアクション
7726.T,7726,黒田精工
7727.T,7727,オーバル
7729.T,7729,東京精密
7730.T,7730,マニー
7731.T,7731,ニコン
7732.T,7732,トプコン
7733.T,7733,オリンパス
7734.T,7734,理研計器
7735.T,7735,ＳＣＲＥＥＮホールディングス
7739.T,7739,キヤノン電子
7740.T,7740,タムロン
7741.T,7741,ＨＯＹＡ
7743.T,7743,シード
7744.T,7744,ノーリツ鋼機
7745.T,7745,Ａ＆Ｄホロンホールディングス
7746.T,7746,岡本硝子
7747.T,7747,朝日インテック
7749.T,7749,メディキット
7751.T,7751,キヤノン
7752.T,7752,リコー
7760.T,7760,ＩＭＶ
7762.T,7762,シチズン時計
7769.T,7769,リズム
7771.T,7771,日本精密
7774.T,7774,ジャパン・ティッシュエンジニアリング
7775.T,7775,大研医器
7776.T,7776,セルシード
7777.T,7777,スリー・ディー・マトリックス
7779.T,7779,ＣＹＢＥＲＤＹＮＥ
7780.T,7780,メニコン
7781.T,7781,平山ホールディングス
7782.T,7782,シンシア
7791.T,7791,ドリームベッド
7792.T,7792,コラントッテ
7793.T,7793,イメージ・マジック
7794.T,7794,イーディーピー
7795.T,7795,ＫＹＯＲＩＴＳＵ
7800.T,7800,アミファ
7803.T,7803,ブシロード
7804.T,7804,ビーアンドピー
7805.T,7805,プリントネット
7806.T,7806,ＭＴＧ
7807.T,7807,幸和製作所
7808.T,7808,シー・エス・ランバー
7809.T,7809,壽屋
7810.T,7810,クロスフォー
7811.T,7811,中本パックス
7812.T,7812,クレステック
7813.T,7813,プラッツ
7814.T,7814,日本創発グループ
7815.T,7815,東京ボード工業
7817.T,7817,パラマウントベッドホールディングス
7818.T,7818,トランザクション
7819.T,7819,粧美堂
7820.T,7820,ニホンフラッシュ
7821.T,7821,前田工繊
7822.T,7822,永大産業
7823.T,7823,アートネイチャー
7826.T,7826,フルヤ金属
7827.T,7827,オービス
7831.T,7831,ウイルコホールディングス
7832.T,7832,バンダイナムコホールディングス
7833.T,7833,アイフィスジャパン
7836.T,7836,アビックス
7837.T,7837,アールシーコア
7839.T,7839,ＳＨＯＥＩ
7840.T,7840,フランスベッドホールディングス
7841.T,7841,遠藤製作所
7844.T,7844,マーベラス
7846.T,7846,パイロットコーポレーション
7847.T,7847,グラファイトデザイン
7849.T,7849,スターツ出版
7850.T,7850,総合商研
7851.T,7851,カワセコンピュータサプライ
7856.T,7856,萩原工業
7857.T,7857,セキ
7859.T,7859,アルメディオ
7860.T,7860,エイベックス
7863.T,7863,平賀
7864.T,7864,フジシールインターナショナル
7865.T,7865,ピープル
7867.T,7867,タカラトミー
7868.T,7868,広済堂ホールディングス
7871.T,7871,フクビ化学工業
7872.T,7872,エステールホールディングス
7874.T,7874,レック
7875.T,7875,竹田ｉＰホールディングス
7877.T,7877,永大化工
7878.T,7878,光・彩
7879.T,7879,ノダ
7883.T,7883,サンメッセ
7885.T,7885,タカノ
7886.T,7886,ヤマト　モビリティ　＆　Ｍｆｇ．
7887.T,7887,南海プライウッド
7888.T,7888,三光合成
7893.T,7893,プロネクサス
7896.T,7896,セブン工業
7897.T,7897,ホクシン
7898.T,7898,ウッドワン
7901.T,7901,マツモト
7902.T,7902,ソノコム
7906.T,7906,ヨネックス
7908.T,7908,きもと
7911.T,7911,ＴＯＰＰＡＮホールディングス
7912.T,7912,大日本印刷
7914.T,7914,共同印刷
7915.T,7915,ＮＩＳＳＨＡ
7916.T,7916,光村印刷
7917.T,7917,ＺＡＣＲＯＳ
7918.T,7918,ヴィア・ホールディングス
7919.T,7919,野崎印刷紙業
7921.T,7921,ＴＡＫＡＲＡ　＆　ＣＯＭＰＡＮＹ
7922.T,7922,三光産業
7923.T,7923,トーイン
7925.T,7925,前澤化成工業
7927.T,7927,ムトー精工
7928.T,7928,旭化学工業
7931.T,7931,未来工業
7932.T,7932,ニッピ
7936.T,7936,アシックス
7937.T,7937,ツツミ
7938.T,7938,リーガルコーポレーション
7939.T,7939,研創
7940.T,7940,ウェーブロックホールディングス
7942.T,7942,ＪＳＰ
7943.T,7943,ニチハ
7944.T,7944,ローランド
7946.T,7946,光陽社
7947.T,7947,エフピコ
7949.T,7949,小松ウオール工業
7951.T,7951,ヤマハ
7952.T,7952,河合楽器製作所
7953.T,7953,菊水化学工業
7955.T,7955,クリナップ
7956.T,7956,ピジョン
7957.T,7957,フジコピアン
7962.T,7962,キングジム
7963.T,7963,興研
7965.T,7965,象印マホービン
7966.T,7966,リンテック
7970.T,7970,信越ポリマー
7971.T,7971,東リ
7972.T,7972,イトーキ
7974.T,7974,任天堂
7975.T,7975,リヒトラブ
7976.T,7976,三菱鉛筆
7979.T,7979,松風
7980.T,7980,重松製作所
7981.T,7981,タカラスタンダード
7983.T,7983,ミロク
7984.T,7984,コクヨ
7985.T,7985,ネポン
7986.T,7986,日本アイ・エス・ケイ
7987.T,7987,ナカバヤシ
7988.T,7988,ニフコ
7989.T,7989,立川ブラインド工業
7990.T,7990,グローブライド
7991.T,7991,マミヤ・オーピー
7992.T,7992,セーラー万年筆
7994.T,7994,オカムラ
7995.T,7995,バルカー
7997.T,7997,くろがね工作所
7999.T,7999,ＭＵＴＯＨホールディングス
8001.T,8001,伊藤忠商事
8002.T,8002,丸紅
8005.T,8005,スクロール
8006.T,8006,ユアサ・フナショク
8007.T,8007,高島
8008.T,8008,ヨンドシーホールディングス
8011.T,8011,三陽商会
8012.T,8012,長瀬産業
8013.T,8013,ナイガイ
8014.T,8014,蝶理
8015.T,8015,豊田通商
8016.T,8016,オンワードホールディングス
8018.T,8018,三共生興
8020.T,8020,兼松
8022.T,8022,美津濃
8023.T,8023,ＤＡＩＫＯ　ＸＴＥＣＨ
8025.T,8025,ツカモトコーポレーション
8029.T,8029,ルックホールディングス
8030.T,8030,中央魚類
8031.T,8031,三井物産
8032.T,8032,日本紙パルプ商事
8035.T,8035,東京エレクトロン
8037.T,8037,カメイ
8039.T,8039,築地魚市場
8040.T,8040,東京ソワール
8041.T,8041,ＯＵＧホールディングス
8043.T,8043,スターゼン
8045.T,8045,横浜丸魚
8046.T,8046,丸藤シートパイル
8050.T,8050,セイコーグループ
8051.T,8051,山善
8052.T,8052,椿本興業
8053.T,8053,住友商事
8056.T,8056,ＢＩＰＲＯＧＹ
8057.T,8057,内田洋行
8058.T,8058,三菱商事
8059.T,8059,第一実業
8060.T,8060,キヤノンマーケティングジャパン
8061.T,8061,西華産業
8065.T,8065,佐藤商事
8066.T,8066,三谷商事
8070.T,8070,東京産業
8074.T,8074,ユアサ商事
8075.T,8075,神鋼商事
8076.T,8076,カノークス
8077.T,8077,トルク
8078.T,8078,阪和興業
8079.T,8079,正栄食品工業
8081.T,8081,カナデン
8084.T,8084,ＲＹＯＤＥＮ
8085.T,8085,ナラサキ産業
8086.T,8086,ニプロ
8088.T,8088,岩谷産業
8089.T,8089,ナイス
8091.T,8091,ニチモウ
8093.T,8093,極東貿易
8095.T,8095,アステナホールディングス
8097.T,8097,三愛オブリ
8098.T,8098,稲畑産業
8101.T,8101,ＧＳＩクレオス
8103.T,8103,明和産業
8104.T,8104,クワザワホールディングス
8105.T,8105,Ｂｉｔｃｏｉｎ　Ｊａｐａｎ
8107.T,8107,キムラタン
8111.T,8111,ゴールドウイン
8113.T,8113,ユニ・チャーム
8115.T,8115,ムーンバット
8117.T,8117,中央自動車工業
8118.T,8118,キング
8119.T,8119,三栄コーポレーション
8123.T,8123,川辺
8125.T,8125,ワキタ
8127.T,8127,ヤマトインターナショナル
8129.T,8129,東邦ホールディングス
8130.T,8130,サンゲツ
8131.T,8131,ミツウロコグループホールディングス
8132.T,8132,シナネンホールディングス
8133.T,8133,伊藤忠エネクス
8135.T,8135,ゼット
8136.T,8136,サンリオ
8137.T,8137,サンワテクノス
8138.T,8138,三京化成
8139.T,8139,ナガホリ
8141.T,8141,新光商事
8142.T,8142,トーホー
8143.T,8143,ラピーヌ
8144.T,8144,デンキョーグループホールディングス
8147.T,8147,トミタ
8150.T,8150,三信電気
8151.T,8151,東陽テクニカ
8152.T,8152,ソマール
8153.T,8153,モスフードサービス
8154.T,8154,加賀電子
8157.T,8157,都築電気
8158.T,8158,ソーダニッカ
8159.T,8159,立花エレテック
8160.T,8160,木曽路
8163.T,8163,ＳＲＳホールディングス
8165.T,8165,千趣会
8166.T,8166,タカキュー
8167.T,8167,リテールパートナーズ
8173.T,8173,上新電機
8174.T,8174,日本瓦斯
8179.T,8179,ロイヤルホールディングス
8181.T,8181,東天紅
8185.T,8185,チヨダ
8194.T,8194,ライフコーポレーション
8198.T,8198,マックスバリュ東海
8200.T,8200,リンガーハット
8202.T,8202,ラオックスホールディングス
8203.T,8203,ＭｒＭａｘＨＤ
8207.T,8207,テンアライド
8209.T,8209,フレンドリー
8214.T,8214,ＡＯＫＩホールディングス
8217.T,8217,オークワ
8218.T,8218,コメリ
8219.T,8219,青山商事
8225.T,8225,タカチホ
8226.T,8226,理経
8227.T,8227,しまむら
8230.T,8230,はせがわ
8233.T,8233,高島屋
8237.T,8237,松屋
8242.T,8242,エイチ・ツー・オー　リテイリング
8244.T,8244,近鉄百貨店
8247.T,8247,大和
8252.T,8252,丸井グループ
8253.T,8253,クレディセゾン
8254.T,8254,さいか屋
8255.T,8255,アクシアル　リテイリング
8260.T,8260,井筒屋
8267.T,8267,イオン
8273.T,8273,イズミ
8275.T,8275,フォーバル
8276.T,8276,平和堂
8278.T,8278,フジ
8281.T,8281,ゼビオホールディングス
8282.T,8282,ケーズホールディングス
8283.T,8283,ＰＡＬＴＡＣ
8285.T,8285,三谷産業
8289.T,8289,Ｏｌｙｍｐｉｃグループ
8291.T,8291,日産東京販売ホールディングス
8301.T,8301,日本銀行　出資証券
8304.T,8304,あおぞら銀行
8306.T,8306,三菱ＵＦＪフィナンシャル・グループ
8308.T,8308,りそなホールディングス
8309.T,8309,三井住友トラストグループ
8316.T,8316,三井住友フィナンシャルグループ
8331.T,8331,千葉銀行
8334.T,8334,群馬銀行
8336.T,8336,武蔵野銀行
8337.T,8337,千葉興業銀行
8338.T,8338,筑波銀行
8341.T,8341,七十七銀行
8343.T,8343,秋田銀行
8344.T,8344,山形銀行
8345.T,8345,岩手銀行
8346.T,8346,東邦銀行
8349.T,8349,東北銀行
8354.T,8354,ふくおかフィナンシャルグループ
8358.T,8358,スルガ銀行
8359.T,8359,八十二銀行
8360.T,8360,山梨中央銀行
8361.T,8361,大垣共立銀行
8362.T,8362,福井銀行
8364.T,8364,清水銀行
8365.T,8365,富山銀行
8366.T,8366,滋賀銀行
8367.T,8367,南都銀行
8368.T,8368,百五銀行
8370.T,8370,紀陽銀行
8377.T,8377,ほくほくフィナンシャルグループ
8381.T,8381,山陰合同銀行
8383.T,8383,鳥取銀行
8386.T,8386,百十四銀行
8387.T,8387,四国銀行
8388.T,8388,阿波銀行
8392.T,8392,大分銀行
8393.T,8393,宮崎銀行
8395.T,8395,佐賀銀行
8399.T,8399,琉球銀行
8410.T,8410,セブン銀行
8411.T,8411,みずほフィナンシャルグループ
8416.T,8416,高知銀行
8418.T,8418,山口フィナンシャルグループ
8421.T,8421,信金中央金庫　優先出資証券
8424.T,8424,芙蓉総合リース
8425.T,8425,みずほリース
8439.T,8439,東京センチュリー
8473.T,8473,ＳＢＩホールディングス
8508.T,8508,Ｊトラスト
8511.T,8511,日本証券金融
8515.T,8515,アイフル
8518.T,8518,日本アジア投資
8522.T,8522,名古屋銀行
8524.T,8524,北洋銀行
8537.T,8537,大光銀行
8541.T,8541,愛媛銀行
8542.T,8542,トマト銀行
8544.T,8544,京葉銀行
8550.T,8550,栃木銀行
8551.T,8551,北日本銀行
8558.T,8558,東和銀行
8562.T,8562,福島銀行
8563.T,8563,大東銀行
8566.T,8566,リコーリース
8570.T,8570,イオンフィナンシャルサービス
8572.T,8572,アコム
8584.T,8584,ジャックス
8585.T,8585,オリエントコーポレーション
8591.T,8591,オリックス
8593.T,8593,三菱ＨＣキャピタル
8595.T,8595,ジャフコ　グループ
8596.T,8596,九州リースサービス
8600.T,8600,トモニホールディングス
8601.T,8601,大和証券グループ本社
8604.T,8604,野村ホールディングス
8609.T,8609,岡三証券グループ
8613.T,8613,丸三証券
8614.T,8614,東洋証券
8616.T,8616,東海東京フィナンシャル・ホールディングス
8617.T,8617,光世証券
8622.T,8622,水戸証券
8624.T,8624,いちよし証券
8628.T,8628,松井証券
8630.T,8630,ＳＯＭＰＯホールディングス
8697.T,8697,日本取引所グループ
8698.T,8698,マネックスグループ
8699.T,8699,ＨＳホールディングス
8700.T,8700,丸八証券
8704.T,8704,トレイダーズホールディングス
8705.T,8705,日産証券グループ
8706.T,8706,極東証券
8707.T,8707,岩井コスモホールディングス
8708.T,8708,アイザワ証券グループ
8713.T,8713,フィデアホールディングス
8714.T,8714,池田泉州ホールディングス
8715.T,8715,アニコム　ホールディングス
8725.T,8725,ＭＳ＆ＡＤインシュアランスグループホールディングス
8729.T,8729,ソニーフィナンシャルグループ
8737.T,8737,あかつき本社
8739.T,8739,スパークス・グループ
8742.T,8742,小林洋行
8746.T,8746,ｕｎｂａｎｋｅｄ
8747.T,8747,豊トラスティ証券
8750.T,8750,第一生命ホールディングス
8766.T,8766,東京海上ホールディングス
8769.T,8769,アドバンテッジリスクマネジメント
8771.T,8771,イー・ギャランティ
8772.T,8772,アサックス
8783.T,8783,ａｂｃ
8789.T,8789,フィンテック　グローバル
8793.T,8793,ＮＥＣキャピタルソリューション
8795.T,8795,Ｔ＆Ｄホールディングス
8798.T,8798,アドバンスクリエイト
8801.T,8801,三井不動産
8802.T,8802,三菱地所
8803.T,8803,平和不動産
8804.T,8804,東京建物
8818.T,8818,京阪神ビルディング
8830.T,8830,住友不動産
8835.T,8835,太平洋興発
8836.T,8836,ＲＩＳＥ
8841.T,8841,テーオーシー
8844.T,8844,コスモスイニシア
8848.T,8848,レオパレス２１
8850.T,8850,スターツコーポレーション
8860.T,8860,フジ住宅
8864.T,8864,空港施設
8869.T,8869,明和地所
8871.T,8871,ゴールドクレスト
8876.T,8876,リログループ
8877.T,8877,エスリード
8881.T,8881,日神グループホールディングス
8887.T,8887,シーラホールディングス
8891.T,8891,ＡＭＧホールディングス
8892.T,8892,エスコン
8894.T,8894,ＲＥＶＯＬＵＴＩＯＮ
8897.T,8897,ＭＩＲＡＲＴＨホールディングス
8898.T,8898,センチュリー２１・ジャパン
8904.T,8904,ＡＶＡＮＴＩＡ
8908.T,8908,毎日コムネット
8912.T,8912,エリアクエスト
8914.T,8914,エリアリンク
8917.T,8917,ファースト住建
8918.T,8918,ランド
8919.T,8919,カチタス
8920.T,8920,東祥
8921.T,8921,シーズクリエイト
8923.T,8923,トーセイ
8927.T,8927,明豊エンタープライズ
8928.T,8928,穴吹興産
8929.T,8929,青山財産ネットワークス
8931.T,8931,和田興産
8934.T,8934,サンフロンティア不動産
8935.T,8935,ＦＪネクストホールディングス
8938.T,8938,グローム・ホールディングス
8944.T,8944,ランドビジネス
8945.T,8945,サンネクスタグループ
8946.T,8946,ＡＳＩＡＮ　ＳＴＡＲ
8995.T,8995,誠建設工業
8996.T,8996,ハウスフリーダム
8999.T,8999,グランディハウス
9001.T,9001,東武鉄道
9003.T,9003,相鉄ホールディングス
9005.T,9005,東急
9006.T,9006,京浜急行電鉄
9007.T,9007,小田急電鉄
9008.T,9008,京王電鉄
9009.T,9009,京成電鉄
9010.T,9010,富士急行
9012.T,9012,秩父鉄道
9017.T,9017,新潟交通
9020.T,9020,東日本旅客鉄道
9021.T,9021,西日本旅客鉄道
9022.T,9022,東海旅客鉄道
9023.T,9023,東京地下鉄
9024.T,9024,西武ホールディングス
9025.T,9025,鴻池運輸
9028.T,9028,ゼロ
9029.T,9029,ヒガシホールディングス
9031.T,9031,西日本鉄道
9033.T,9033,広島電鉄
9034.T,9034,南総通運
9036.T,9036,東部ネットワーク
9037.T,9037,ハマキョウレックス
9039.T,9039,サカイ引越センター
9041.T,9041,近鉄グループホールディングス
9042.T,9042,阪急阪神ホールディングス
9044.T,9044,南海電気鉄道
9045.T,9045,京阪ホールディングス
9046.T,9046,神戸電鉄
9048.T,9048,名古屋鉄道
9049.T,9049,京福電気鉄道
9051.T,9051,センコン物流
9052.T,9052,山陽電気鉄道
9057.T,9057,遠州トラック
9059.T,9059,カンダホールディングス
9060.T,9060,日本ロジテム
9063.T,9063,岡山県貨物運送
9064.T,9064,ヤマトホールディングス
9065.T,9065,山九
9067.T,9067,丸運
9068.T,9068,丸全昭和運輸
9069.T,9069,センコーグループホールディングス
9072.T,9072,ニッコンホールディングス
9073.T,9073,京極運輸商事
9074.T,9074,日本石油輸送
9075.T,9075,福山通運
9076.T,9076,セイノーホールディングス
9081.T,9081,神奈川中央交通
9082.T,9082,大和自動車交通
9083.T,9083,神姫バス
9087.T,9087,タカセ
9090.T,9090,ＡＺ－ＣＯＭ丸和ホールディングス
9101.T,9101,日本郵船
9104.T,9104,商船三井
9107.T,9107,川崎汽船
9110.T,9110,ＮＳユナイテッド海運
9115.T,9115,明海グループ
9119.T,9119,飯野海運
9127.T,9127,玉井商船
9130.T,9130,共栄タンカー
9142.T,9142,九州旅客鉄道
9143.T,9143,ＳＧホールディングス
9145.T,9145,ビーイングホールディングス
9146.T,9146,五健堂ホールディングス
9147.T,9147,ＮＩＰＰＯＮ　ＥＸＰＲＥＳＳホールディングス
9149.T,9149,大友ロジスティクスサービス
9156.T,9156,はなホールディングス
9158.T,9158,シーユーシー
9159.T,9159,Ｗ　ＴＯＫＹＯ
9160.T,9160,ノバレーゼ
9162.T,9162,ブリーチ
9163.T,9163,ナレルグループ
9165.T,9165,クオルテック
9166.T,9166,ＧＥＮＤＡ
9167.T,9167,フトン巻きのジロー
9168.T,9168,ライズ・コンサルティング・グループ
9169.T,9169,大伸社
9171.T,9171,栗林商船
9173.T,9173,東海汽船
9193.T,9193,東京汽船
9201.T,9201,日本航空
9202.T,9202,ＡＮＡホールディングス
9204.T,9204,スカイマーク
9206.T,9206,スターフライヤー
9211.T,9211,エフ・コード
9212.T,9212,Ｇｒｅｅｎ　Ｅａｒｔｈ　Ｉｎｓｔｉｔｕｔｅ
9213.T,9213,セイファート
9214.T,9214,Ｒｅｃｏｖｅｒｙ　Ｉｎｔｅｒｎａｔｉｏｎａｌ
9215.T,9215,ＣａＳｙ
9216.T,9216,ビーウィズ
9218.T,9218,メンタルヘルステクノロジーズ
9219.T,9219,ギックス
9220.T,9220,エフビー介護サービス
9221.T,9221,フルハシＥＰＯ
9222.T,9222,ｍａｎａｂｙ
9223.T,9223,ＡＳＮＯＶＡ
9225.T,9225,ブリッジコンサルティンググループ
9226.T,9226,アイガー
9227.T,9227,マイクロ波化学
9229.T,9229,サンウェルズ
9233.T,9233,アジア航測
9235.T,9235,売れるネット広告社グループ
9236.T,9236,ジャパンＭ＆Ａソリューション
9237.T,9237,笑美面
9238.T,9238,バリュークリエーション
9239.T,9239,ケーイーティ
9240.T,9240,デリバリーコンサルティング
9241.T,9241,フューチャーリンクネットワーク
9242.T,9242,メディア総研
9243.T,9243,富士テクノホールディングス
9244.T,9244,デジタリフト
9245.T,9245,リベロ
9246.T,9246,プロジェクトホールディングス
9247.T,9247,ＴＲＥホールディングス
9248.T,9248,人・夢・技術グループ
9249.T,9249,日本エコシステム
9250.T,9250,ＧＲＣＳ
9251.T,9251,ＡＢ＆Ｃｏｍｐａｎｙ
9252.T,9252,ラストワンマイル
9253.T,9253,スローガン
9254.T,9254,ラバブルマーケティンググループ
9256.T,9256,サクシード
9257.T,9257,ＹＣＰホールディングス（グローバル）リミテッド　ＪＤＲ
9258.T,9258,ＣＳ－Ｃ
9259.T,9259,タカヨシホールディングス
9262.T,9262,シルバーライフ
9264.T,9264,ポエック
9265.T,9265,ヤマシタヘルスケアホールディングス
9267.T,9267,Ｇｅｎｋｙ　ＤｒｕｇＳｔｏｒｅｓ
9268.T,9268,オプティマスグループ
9270.T,9270,バリュエンスホールディングス
9271.T,9271,和心
9272.T,9272,ブティックス
9273.T,9273,コーア商事ホールディングス
9274.T,9274,ＫＰＰグループホールディングス
9278.T,9278,ブックオフグループホールディングス
9279.T,9279,ギフトホールディングス
9301.T,9301,三菱倉庫
9302.T,9302,三井倉庫ホールディングス
9303.T,9303,住友倉庫
9304.T,9304,澁澤倉庫
9305.T,9305,ヤマタネ
9306.T,9306,東陽倉庫
9307.T,9307,杉村倉庫
9308.T,9308,乾汽船
9310.T,9310,日本トランスシティ
9311.T,9311,アサガミ
9312.T,9312,ケイヒン
9313.T,9313,丸八倉庫
9319.T,9319,中央倉庫
9322.T,9322,川西倉庫
9324.T,9324,安田倉庫
9325.T,9325,ファイズホールディングス
9326.T,9326,関通
9327.T,9327,イー・ロジット
9330.T,9330,揚羽
9331.T,9331,キャスター
9332.T,9332,ＮＩＳＳＯホールディングス
9334.T,9334,アイビスホールディングス
9335.T,9335,テクノクリエイティブ
9336.T,9336,大栄環境
9337.T,9337,トリドリ
9338.T,9338,ＩＮＦＯＲＩＣＨ
9339.T,9339,コーチ・エィ
9340.T,9340,アソインターナショナル
9341.T,9341,ＧＥＮＯＶＡ
9342.T,9342,スマサポ
9343.T,9343,アイビス
9344.T,9344,アクシスコンサルティング
9345.T,9345,ビズメイツ
9346.T,9346,ココルポート
9347.T,9347,日本管財ホールディングス
9348.T,9348,ｉｓｐａｃｅ
9351.T,9351,東洋埠頭
9353.T,9353,櫻島埠頭
9355.T,9355,リンコーコーポレーション
9360.T,9360,鈴与シンワート
9361.T,9361,伏木海陸運送
9362.T,9362,兵機海運
9363.T,9363,大運
9364.T,9364,上組
9365.T,9365,トレーディア
9366.T,9366,サンリツ
9367.T,9367,大東港運
9368.T,9368,キムラユニティー
9369.T,9369,キユーソー流通システム
9376.T,9376,ユーラシア旅行社
9380.T,9380,東海運
9381.T,9381,エーアイテイー
9385.T,9385,ショーエイコーポレーション
9399.T,9399,ビート・ホールディングス・リミテッド
9401.T,9401,ＴＢＳホールディングス
9404.T,9404,日本テレビホールディングス
9405.T,9405,朝日放送グループホールディングス
9408.T,9408,ＢＳＮメディアホールディングス
9409.T,9409,テレビ朝日ホールディングス
9412.T,9412,スカパーＪＳＡＴホールディングス
9413.T,9413,テレビ東京ホールディングス
9414.T,9414,日本ＢＳ放送
9416.T,9416,ビジョン
9417.T,9417,スマートバリュー
9418.T,9418,Ｕ－ＮＥＸＴ　ＨＯＬＤＩＮＧＳ
9419.T,9419,ワイヤレスゲート
9421.T,9421,エヌジェイホールディングス
9423.T,9423,フォーバル・リアルストレート
9424.T,9424,日本通信
9425.T,9425,ＲｅＹｕｕ　Ｊａｐａｎ
9428.T,9428,クロップス
9432.T,9432,ＮＴＴ
9433.T,9433,ＫＤＤＩ
9434.T,9434,ソフトバンク
9435.T,9435,光通信
9436.T,9436,沖縄セルラー電話
9438.T,9438,エムティーアイ
9439.T,9439,エム・エイチ・グループ
9441.T,9441,ベルパーク
9444.T,9444,トーシンホールディングス
9445.T,9445,フォーバルテレコム
9446.T,9446,サカイホールディングス
9449.T,9449,ＧＭＯインターネットグループ
9450.T,9450,ファイバーゲート
9466.T,9466,アイドママーケティングコミュニケーション
9467.T,9467,アルファポリス
9468.T,9468,ＫＡＤＯＫＡＷＡ
9470.T,9470,学研ホールディングス
9474.T,9474,ゼンリン
9475.T,9475,昭文社ホールディングス
9476.T,9476,中央経済社ホールディングス
9478.T,9478,ＳＥホールディングス・アンド・インキュベーションズ
9501.T,9501,東京電力ホールディングス
9502.T,9502,中部電力
9503.T,9503,関西電力
9504.T,9504,中国電力
9505.T,9505,北陸電力
9506.T,9506,東北電力
9507.T,9507,四国電力
9508.T,9508,九州電力
9509.T,9509,北海道電力
9511.T,9511,沖縄電力
9513.T,9513,電源開発
9514.T,9514,エフオン
9517.T,9517,イーレックス
9519.T,9519,レノバ
9531.T,9531,東京瓦斯
9532.T,9532,大阪瓦斯
9533.T,9533,東邦瓦斯
9534.T,9534,北海道瓦斯
9535.T,9535,広島ガス
9536.T,9536,西部ガスホールディングス
9537.T,9537,北陸瓦斯
9539.T,9539,京葉瓦斯
9543.T,9543,静岡ガス
9551.T,9551,メタウォーター
9552.T,9552,Ｍ＆Ａ総研ホールディングス
9553.T,9553,マイクロアド
9554.T,9554,ＡＶｉＣ
9556.T,9556,ＩＮＴＬＯＯＰ
9557.T,9557,エアークローゼット
9558.T,9558,ジャパニアス
9560.T,9560,プログリット
9561.T,9561,グラッドキューブ
9562.T,9562,ビジネスコーチ
9563.T,9563,Ａｔｌａｓ　Ｔｅｃｈｎｏｌｏｇｉｅｓ
9564.T,9564,ＦＣＥ
9565.T,9565,ＧＬＯＥ
9600.T,9600,アイネット
9601.T,9601,松竹
9602.T,9602,東宝
9603.T,9603,エイチ・アイ・エス
9605.T,9605,東映
9610.T,9610,ウィルソン・ラーニング　ワールドワイド
9612.T,9612,ラックランド
9616.T,9616,共立メンテナンス
9619.T,9619,イチネンホールディングス
9621.T,9621,建設技術研究所
9622.T,9622,スペース
9625.T,9625,セレスポ
9627.T,9627,アインホールディングス
9628.T,9628,燦ホールディングス
9629.T,9629,ピー・シー・エー
9632.T,9632,スバル興業
9633.T,9633,東京テアトル
9635.T,9635,武蔵野興業
9636.T,9636,きんえい
9639.T,9639,三協フロンテア
9640.T,9640,セゾンテクノロジー
9644.T,9644,タナベコンサルティンググループ
9647.T,9647,協和コンサルタンツ
9651.T,9651,日本プロセス
9656.T,9656,グリーンランドリゾート
9658.T,9658,ビジネスブレイン太田昭和
9661.T,9661,歌舞伎座
9663.T,9663,ナガワ
9672.T,9672,東京都競馬
9678.T,9678,カナモト
9679.T,9679,ホウライ
9682.T,9682,ＤＴＳ
9684.T,9684,スクウェア・エニックス・ホールディングス
9685.T,9685,ＫＹＣＯＭホールディングス
9686.T,9686,東洋テック
9687.T,9687,ＫＳＫ
9691.T,9691,両毛システムズ
9692.T,9692,シーイーシー
9697.T,9697,カプコン
9698.T,9698,クレオ
9699.T,9699,ニシオホールディングス
9701.T,9701,東京會舘
9702.T,9702,アイ・エス・ビー
9704.T,9704,アゴーラ　ホスピタリティー　グループ
9706.T,9706,日本空港ビルデング
9708.T,9708,帝国ホテル
9709.T,9709,ＮＣＳ＆Ａ
9713.T,9713,ロイヤルホテル
9715.T,9715,トランス・コスモス
9716.T,9716,乃村工藝社
9719.T,9719,ＳＣＳＫ
9720.T,9720,ホテル、ニューグランド
9722.T,9722,藤田観光
9723.T,9723,京都ホテル
9726.T,9726,ＫＮＴ－ＣＴホールディングス
9729.T,9729,トーカイ
9731.T,9731,白洋舎
9733.T,9733,ナガセ
9735.T,9735,セコム
9739.T,9739,ＮＳＷ
9740.T,9740,セントラル警備保障
9742.T,9742,アイネス
9743.T,9743,丹青社
9744.T,9744,メイテックグループホールディングス
9746.T,9746,ＴＫＣ
9753.T,9753,アイエックス・ナレッジ
9755.T,9755,応用地質
9757.T,9757,船井総研ホールディングス
9759.T,9759,ＮＳＤ
9760.T,9760,進学会ホールディングス
9761.T,9761,東海リース
9763.T,9763,丸建リース
9765.T,9765,オオバ
9766.T,9766,コナミグループ
9767.T,9767,日建工学
9768.T,9768,いであ
9769.T,9769,学究社
9776.T,9776,札幌臨床検査センター
9778.T,9778,昴
9780.T,9780,ハリマビステム
9782.T,9782,ディーエムエス
9788.T,9788,ナック
9790.T,9790,福井コンピュータホールディングス
9791.T,9791,ビケンテクノ
9793.T,9793,ダイセキ
9795.T,9795,ステップ
9799.T,9799,旭情報サービス
9812.T,9812,テーオーホールディングス
9816.T,9816,ストライダーズ
9818.T,9818,大丸エナウィン
9820.T,9820,エムティジェネックス
9823.T,9823,マミーマートホールディングス
9824.T,9824,泉州電業
9827.T,9827,リリカラ
9828.T,9828,Ｇｅｎｋｉ　Ｇｌｏｂａｌ　Ｄｉｎｉｎｇ　Ｃｏｎｃｅｐｔｓ
9830.T,9830,トラスコ中山
9831.T,9831,ヤマダホールディングス
9832.T,9832,オートバックスセブン
9835.T,9835,ジュンテンドー
9837.T,9837,モリト
9842.T,9842,アークランズ
9843.T,9843,ニトリホールディングス
9845.T,9845,パーカーコーポレーション
9846.T,9846,天満屋ストア
9849.T,9849,共同紙販ホールディングス
9850.T,9850,グルメ杵屋
9853.T,9853,銀座ルノアール
9854.T,9854,愛眼
9856.T,9856,ケーユーホールディングス
9857.T,9857,英和
9861.T,9861,吉野家ホールディングス
9867.T,9867,ソレキア
9869.T,9869,加藤産業
9872.T,9872,北恵
9876.T,9876,コックス
9878.T,9878,セキド
9880.T,9880,イノテック
9882.T,9882,イエローハット
9885.T,9885,シャルレ
9887.T,9887,松屋フーズホールディングス
9888.T,9888,ＵＥＸ
9889.T,9889,ＪＢＣＣホールディングス
9890.T,9890,マキヤ
9895.T,9895,コンセック
9896.T,9896,ＪＫホールディングス
9900.T,9900,サガミホールディングス
9902.T,9902,日伝
9903.T,9903,カンセキ
9904.T,9904,ベリテ
9906.T,9906,藤井産業
9908.T,9908,日本電計
9913.T,9913,日邦産業
9914.T,9914,植松商会
9927.T,9927,ワットマン
9928.T,9928,ミロク情報サービス
9929.T,9929,平和紙業
9930.T,9930,北沢産業
9932.T,9932,杉本商事
9934.T,9934,因幡電機産業
9936.T,9936,王将フードサービス
9941.T,9941,太洋物産
9946.T,9946,ミニストップ
9948.T,9948,アークス
9950.T,9950,ハチバン
9955.T,9955,ヨンキュウ
9956.T,9956,バローホールディングス
9959.T,9959,アシードホールディングス
9960.T,9960,東テク
9962.T,9962,ミスミグループ本社
9969.T,9969,ショクブン
9972.T,9972,アルテック
9973.T,9973,ＫＯＺＯホールディングス
9974.T,9974,ベルク
9976.T,9976,セキチュー
9978.T,9978,文教堂グループホールディングス
9979.T,9979,大庄
9980.T,9980,ＭＲＫホールディングス
9982.T,9982,タキヒヨー
9983.T,9983,ファーストリテイリング
9984.T,9984,ソフトバンクグループ
9986.T,9986,蔵王産業
9987.T,9987,スズケン
9989.T,9989,サンドラッグ
9990.T,9990,サックスバー　ホールディングス
9991.T,9991,ジェコス
9993.T,9993,ヤマザワ
9994.T,9994,やまや
9996.T,9996,サトー商会
9997.T,9997,ベルーナ
